law_id,law_name,version,chapter,article_no,article_title,article_text,keywords,scene_tags,priority,is_mandatory,status,source_file,notes
CNLAW_022_JGJ65201,JGJ65-2013 液压滑动模板施工安全技术规程,,,第七条,,"第七条的规定综合 编制。 3.0.3 、3.0.4 是按 《危险性较大的分部分 项工程安全管理办法》 第十二条、第十五条 的规定编制。 3.0.5 滑模装置的形 式可因地制宜，常见的 烟囱和高层建筑滑模装 置见图1、图2。 图 1 烟囱滑模装置剖面图 1—天轮梁；2—天轮；3—井架；4—操作平台钢结构； 5—导索；6—吊笼；7—扒杆；8—井架斜杆；9一支承杆； 10—操作平台；11—千斤顶；12—提升架；13—模板； 14—内吊脚手架；15—外吊脚手架 图 2 高层建筑滑模装置剖面图 1—支承杆；2—千斤顶；3—液压油路系统；4—提升架； 5—栏杆；6—模板；7—外吊脚手架；8—操作平台；9—挑架 3.0.6 滑模施工属于高处作业。因此，规定了因恶劣天气原因 必须停止施工，并规定了停工措施和恢复施工的措施。风速 10.8m/s 相当于六级风。 3.0.7 滑模平台上的操作人员都属于高处作业，因此要求滑模 操作平台上的施工人员应身体健康，能适应高处作业环境，否 则，不得上操作平台工作。 3.0.8 冬期气温低大大延缓了混凝土的凝结速度，对模板的滑 升速度有很大的影响，当滑升速度与混凝土凝结速度不匹配时， 就会影响工程质量以致引起安全事故。若采用保温或加热措施提 高混凝土的凝结速度以适应滑升速度的需要，就会大大增加施工 费用，在施工上还带来其他许多困难，增加了很多不安全因素。 因此，当由于各种原因需要进行冬期施工时，应认真对待，采取 有效的安全技术措施以保证施工安全。 3.0.12 施工现场应有临时用电组织设计、审批及验收程序，滑 模施工安全用电应严格执行临时用电组织设计。施工单位技术负 责人应组织有关设计、使用和监理单位共同验收，合格后方可投 入使用。 3.0.13 烟囱类高耸构筑物，由于顶部面积狭窄，滑模装置的拆 除比较危险，故本条规定设计时，在烟囱类结构的顶端设置安全 行走平台，以使拆除人员在进行滑模装置拆除时有较安全的活动 场地。另外也便于投产使用后，避雷装置及航空标志的维修。 4 施 工 现 场 4.0.1 本条结合现行行业标准《建筑施工现场环境与卫生标准》 JGJ 146的有关规定编制，并按批准的滑模专项施工方案布置 现场。 4.0.2 本条根据现行国家标准《滑动模板工程技术规范》 GB 50113的有关规定编制。 4.0.3 本条根据滑模施工围绕高处操作平台组织连续生产的特 点，结合现行行业标准《建筑施工安全检查标准》 JGJ 59的有 关规定编制。 4.0.4 滑模施工人员、设备、材料和滑升作业等全部在操作平 台上完成，平台面积和结构不可能做得无限大，因此应限载，高 空作业消防安全问题也突出，结合现行行业标准《建筑施工安全 检查标准》JGJ 59的有关规定编制。 4.0.5 本条规定了对危险警戒区内的重要场所搭设安全或隔离 防护棚的要求。 4.0.6 本条给出了防护棚的构造要求，其中第4款考虑到人体 身高和安全防护的要求，将原来的防护高度800mm 提高 到1200mm。 4.0.7 本条给出了在各类洞口进行作业时，防护设施的设置要求。 4.0.8 本条结合现行行业标准《建筑施工扣件式钢管脚手架安 全技术规范》JGJ 130的有关规定编制。编制组到几个典型滑模 施工现场调研中发现，由于滑模施工速度快，施工用楼梯、爬梯 安全栏杆设置不重视，其中独立的施工马道与原结构连接普遍存 在滞后和不完整现象，需要加强。 4.0.9 本条规定了应采取防护措施的部位。 4.0.10 本条规定了现场垂直运输机械的布置要求。 5 滑模装置制作与安装 5.0.1 由于滑模装置是一种使用时间长、所承受的荷载可变性 大的临时结构，应认真设计。所以本条对滑模装置的设计提出了 要求，对其设计的审核作了规定，以防止盲目施工。 5.0.2 本条规定滑模装置应按已批准的设计施工图施工，设计 变更应经设计人员同意，并出具设计变更文件，防止施工过程中 不经设计验算，擅自变动随意施工的现象发生。 5.0.3 本条对制作滑模装置的材质及材料代用作出明确规定， 以保证操作平台的结构安全可靠。同时对使用的机具、器具作出 了规定。 5.0.4 滑模是先进的施工工艺，滑模装置的质量关系到工程项 目的施工安全、工程实体质量等，因此本条规定滑模装置各部件 的制作、焊接及安装质量应经检验合格。滑模施工操作平台的骨 架一般为钢结构，其构件连接大部分是采用焊接，所以，焊接质 量是保证操作平台结构安全使用的重要环节。同时，滑模装置安 装完成后要进行载荷试验，其目的是进一步检验制作、焊接及安 装质量，把施工中可能发生的问题解决在滑模施工之前。 5.0.5 本条为强制性条文。工作荷载包括：滑模装置自重、施 工荷载、垂直运输系统附加荷载及制动力、混凝土与模板之间的 摩阻力和风荷载。在实际施工中，由于千斤顶不同步、操作平台 施工荷载不均匀、出模强度增长影响摩阻力变大等原因，会产生 不确定的附加荷载，为保证滑模装置及施工人员的安全，千斤顶 的工作荷载不应大于其额定荷载；同时千斤顶应具有可靠的自锁 装置，在工作荷载作用下不下滑。 5.0.6 本条对操作平台及吊脚手架上的铺板作了规定，明确了 操作平台上各种洞口，如：上下层操作平台的通道口、爬梯口、 梁模滑空部位等，应有封闭措施，以保证操作平台上施工人员的 安全。同时对操作平台及吊脚手架的走道宽度作出了规定。 5.0.7 本条对操作平台外边缘的防护栏杆提出的要求，是以我 国滑模施工的经验，从安全和施工方便的角度作出的规定。 5.0.8 本条是对操作平台及内外吊脚手架安全网的挂法及所使 用安全网的质量及固定方法作出规定。在行人较多地段的吊脚手 架外侧应采取全封闭或多层密网等加强防护措施；吊脚手架的吊 杆与横杆采用钢管扣件连接时，为防止扣件松动，对吊杆作出了 防滑落规定；同时对采用滑框倒模工艺施工的内外吊架作出了防 坠落规定。 5.0.9 本条针对滑模装置上设有随升井架时，对出入口处的防 护措施及其护栏处的防护作出了要求，规定随升井架的顶部设限 位开关的主要目的在于防止吊笼冲顶，以确保施工安全。 5.0.10 本条特别对连续变截面结构滑模施工时，操作平台随着 模板的提升，操作平台支承面积减少，应按施工技术设计的要求 及时改造、拆除超长部分，在尚未拆除前应及时缩小外挑平台的 使用宽度，以防止增加施工操作平台的倾覆力矩。 5.0.11 滑模托带钢结构施工时，应考虑到钢结构在托带滑升时 产生的应力变化和对滑模装置产生的附加荷载，因此要求千斤顶 和支承杆的承载能力应有较大的安全储备和确保同步上升的 措施 。 6 垂直运输设备及装置 6.0.1 建筑施工使用的垂直运输设备种类繁多，技术性能参数 各异，而滑模施工技术又不同于其他常规施工方法，故本条规定 滑模所用的垂直运输设备应根据滑模施工工艺的特点，建(构) 筑物的形状及施工工况合理地选择，在保证滑模施工安全的前提 下优先选择标准的垂直运输设备通用产品，如：塔式起重机、施 工升降机和物料提升机等标准的通用产品。 6.0.2 滑模施工是一种特殊施工工艺，在构筑物滑模施工中往 往会使用如随升井架等垂直运输装置，它是指利用部分标准产品 设计制作的为滑模专用的垂直运输装置，因此，本条文规定应有 符合安全技术规范的完整的设计文件(包括签字盖章的图纸、计 算书、工艺文件)、产品质量合格证明和设备安装使用说明书等。 6.0.3 本条文提出滑模垂直运输装置的检测项目、检测指标与 检测条件由设计单位提出，使用前由使用单位组织有关设计、制 作、安装、使用、监理等单位共同检测验收，并规定了安全检测 验收的主要内容 。 6.0.4 本条文对垂直运输装置的标牌制作内容及固定作了相应 的规定 。 6.0.5 使垂直运输设备及装置经常处于完好状态是防止发生事 故的重要技术管理环节，故本条规定了应建立定期检修和保养 制度 。 6.0.6 本条对操作垂直运输设备及装置的司机人员素质作了规 定。该工作是一技术性较高、责任心较强的岗位，司机应熟知所 使用设备的构造、原理、性能、操作方法和安全技术知识，否则 不能胜任本岗位的工作。禁止非司机人员上岗操作。 6.0.7 本条赋予司机有拒绝使用不符合垂直运输设备及装置运 转操作条件的职权。 6.0.8 本条规定了在滑模施工中使用随升井架等装置时应进行 验算的内容，以确保其受力性能满足施工的需要。 6.0.9 本条规定了高耸构筑物施工中垂直运输装置应做详细的 安全及防坠落设计，并规定安全卡钳设计和检验时采用的主要技 术参数。 6.0.10 吊笼采用柔性导轨时，为防导轨在吊笼运行过程中发生 共振而造成安全事故，本条对柔性滑道的张紧力作出了规定。为 防止张紧力过大造成操作平台结构破坏，柔性滑道应设计与安装 测力装置。 6.0.11 在本条中对吊笼规定了应配置的安全措施。 7 动力及照明用电 7.0.1 滑模施工连续性强，又属于高处作业，当发生停电时是 无法连续施工的。为此本条规定了滑模施工现场应设备用电源。 当没有备用电源时，应利用在建工程的楼梯或爬梯或随构造物高 度上升搭设的脚手架马道等作安全通道。 7.0.2 本条规定了滑模操作平台上配电箱的设置、管理和滑模 操作平台供电的一般做法，以避免“一闸多用”和“私拉乱接” 等违章用电。 7.0.3 为保证滑模操作平台上施工用电安全或意外紧急状态 下切断电源的需要，故在本条文中规定垂直操作平台用电应 有独立的配电装置。而且对附着在操作平台上的垂直运输设 备应有上、下两套紧急断电装置，以备紧急情况下的断电 操作 。 7.0.4 本条规定了380V 用电设备和电缆线的安全保护措施。 7.0.5 滑模操作平台上各种动力、照明及控制用电气线路，一 般都敷设在操作平台的铺板以下的隐蔽处，以防止操作平台的人 员或设备意外损坏而发生触电事故或影响使用。对敷设在操作平 台铺板面上的电气线路应采取保护措施。强调强弱电应分开布 设，电源线应避免随地拖拉敷设。 7.0.6 为保证滑模操作平台上用电，本条对操作平台上用电设 备接零提出了要求，防止因用电设备漏电和漏电开关失灵而发生 人身伤亡事故。 7.0.7 本条规定了由地面至滑模操作平台间供电电缆架设的技 术要求。 7.0.8 本条规定主要是从防止触电、漏电击人的情况出发，对 固定照明灯具、低压便携灯的使用、触电保护器的设置等做了相 应的规定。条文中所提的照明充足，是要保证照明均匀不留死 角，其照度满足施工操作要求。 7.0.9 本条规定了停工应断电，防止意外事故发生的安全措施。 8 通信与信号 8.0.1 滑模施工中通信联络与联络信号对保证安全生产至关重 要，在滑模专项施工方案中应根据施工的需要对通信与信号作出 相应的技术设计，以保证施工中联络畅通，信号可靠。本条对通 信联络设备的使用人、应急抢修和正常维修制度、各类信号的专 人管理及其岗位责任制作了具体规定。 8.0.2 滑模施工中所采用的联络方式及通信联络装置应认真考 虑和选择，从工程实践看联络的方式应简便直接，如对讲机、直 通电话、小功率喇叭等。但选用的通信联络设备应灵敏可靠，这 样才能保证施工中的正常的通信联络。 8.0.3 本条提出对滑模施工中通信联络装置的安装及试验的 要 求 。 8.0.4 本条对采用吊笼等垂直运输装置规定了通信联络、显示 信号及限载、限位报警自动控制系统的要求，以保证施工安全。 8.0.5 本条对垂直运输机械和混凝土布料机的启动信号、信号 传递及司机操作规定了要求。 8.0.6 当滑模操作平台最高点超过50m 时应根据当地航空部门 的要求来设置航空信号。在机场附近施工时，应根据机场航空管 理的要求来设置航空信号，以保证飞行和安全。 9 防 雷 9.0.1 本条规定的防雷措施的技术要求是基于以下情况考虑的： 1 邻近的防雷装置的接闪器对周围地面有一定的保护范围， 详见《建筑物防雷设计规范》 GB 50057 的有关规定。因此，在 施工期间，滑模操作平台的最高点，当在邻近防雷装置接闪器保 护范围内，可不安装临时接闪器，否则，应安装临时接闪器。 2 为了有效地保护滑模操作平台，临时接闪器的保护范围， 应按《建筑物防雷设计规范》 GB 50057 计算确定，其设置高度 应随施工进展而保持最高点，确保不断升高的操作平台始终处于 接闪器的保护范围之内。 3 接闪器可将雷电流通过引下线和接地体传入大地，以防 操作平台遭受雷击。所以防雷装置应构成良好的电气通路。 4 为防雷电反击和跨步电压，接闪器的引下线和接地体， 应设置在隐蔽的地方。 9.0.2 为保证施工安全和便于施工，滑模施工中的防雷装置宜 设专用的引下线。当所施工工程采用结构钢筋做引下线时，施工 用的接闪器可以与此相连。但应按照所施工程批准的设计图，随 时将结构钢筋焊接成电气通路，并与接地体相连。 9.0.3 在施工过程中，防雷装置的引下线应始终保持电气通路。 因为接闪器对高空的雷云有“吸引作用”,如果引下线不能保持 电气通路，一旦雷击，雷电流得不到良好的入地通路，反而有 害。因此，防雷装置的引下线应在施工中保证不被折断。由于施 工中需要(如挖沟等)将引下线拆除时，应待另一条引下线安装 好后，方准拆除原引下线。 9.0.4 机械设备的动力、控制、照明、信号及通信线路采用钢 管敷设，并与设备金属结构体做电气连接是基于通过屏蔽和等电 位连接，以防止雷电侧击的危害。 9.0.5 本条根据现行国家标准《建筑物防雷设计规范》 GB 50057和《塔式起重机安全规程》 GB5144 有关接地电阻的要求 编制 。 9.0.6 雷雨时，露天作业应停止。所以高处作业人员应下到地 面，人体应避免接触防雷装置，以防雷电感应和反击。 9.0.7 当因天气等原因停工后，在下次开工前和雷雨季节到来 之前，应对防雷装置进行全面检查，检查焊点是否牢固，引下线 的断接卡子接触是否良好，接地电阻是否符合要求。检查若发现 问题，应及时进行维修并达到原设计要求，并向有关负责人 报 告 。 10 消 防 10.0.1 滑模施工贯彻“预防为主、防消结合”的方针，应做好 消防安全管理交底工作，并加强日常看护和安全检查。 10.0.2 滑模施工场地应配备适当种类的消防器材，以便火灾时 及时扑救，从而减少损失。由于滑模所施工的建(构)筑物不 同，其滑模操作平台的大小也不同，故消防器材的数量由各施工 单位根据实际情况设计确定。 10.0.3 高层建筑和高耸构筑物滑模施工安装临时消防供水系 统，不仅是为了施工时混凝土养护用水，更重要的是发生火灾时 可以立即进行消防扑救，由于滑模在不断地升高，因此高层建筑 应逐层、高耸构筑物应分段设置施工消防接口和阀门，发生火灾 时随时连接消防水管并打开阀门。施工消防供水系统应根据建筑 物或构筑物的高度、面积、结构形式按有关标准进行设计。 10.0.4 控制火源是防止火灾最根本的途径，滑模施工属高处作 业，一旦发生火灾危险性更大，也不易扑救。我国有过这种火灾 的教训，所以应严格执行电(气)焊动火审批制度，在采取如设 置接火斗、灭火器等防火措施基础上，经专职安全人员确认后再 进行工作，作业时现场应设专人实施监护。 10.0.5 本条施工消防设施指消防用水管，疏散通道指在建工程 的楼梯、爬梯和脚手架马道等，这些设施施工应保持同步，以供 消防及施工人员紧急疏散使用。 10.0.6 消防器材设备专人管理是保证能进行定期检查维修、保持完 好的先决条件。消防栓冬季要防冻，水溶型泡沫灭火器也应防冻，消防 器材的及时补充等都需有专人负责，才能使以“预防为主”的措施有效。 10.0.7 施工现场，特别是高空的操作平台上不使用、不存放易 燃材料有利于减少施工现场火灾发生的几率。 11 滑 模 施 工 11.0.1 滑模施工前应对滑模装置进行全面的安全大检查。本条 规定了安全检查的主要内容及应达到的要求。其中液压系统调 试、检验及支承杆选用、检验应符合现行国家标准《滑动模板工 程技术规范》GB 50113中的有关规定。 11.0.2 为防止滑模施工操作平台超载，要严格管理操作平台上 施工材料的堆放。操作平台上所堆放的材料应在保证施工需要的 情况下，随用随吊，严格控制在滑模专项施工方案所规定的允许 荷载值内，暂时不用的材料、物件应及时清理运至地面，以减小 操作平台的荷载，保证操作安全。 11.0.3 滑模施工时，模板的滑升应在施工指挥人员的统一指挥 下进行，按滑升制度操作，不允许随意提升。要加强施工管理人 员的责任心，经常检查操作平台结构、支承杆的工作状态及混凝 土的凝结状态，在确认无滑升障碍、具备滑升条件的情况下方可 发布滑升指令，否则易发生质量和安全事故。 11.0.4 滑模施工过程中，设专人对滑模装置进行检查，是确保 施工安全和工程质量的重要措施。滑模施工是在动态中进行的， 由于混凝土浇筑方向、混凝土振捣、操作平台荷载的不均匀性等 原因，滑模装置会产生变形、松动，而变形大小是与检查、维护 相关的。因此要对关键部位按照《滑动模板工程技术规范》 GB 50113滑模装置组装的允许偏差表的规定定期检查，做好检查记 录。每次滑升要认真检查和总结滑升障碍问题，及时向施工指挥 人员反映，迅速采取纠正措施。 11.0.5 混凝土的出模强度检查，首先是工程开始进行初次提升 (即初滑阶段)的混凝土外露部分；其次是每次正常滑升开始的 混凝土外露部分，主要应注意两点： 1 既要考虑混凝土的自重能克服模板与混凝土之间的摩阻 力，又要使下端混凝土达到必要的出模强度，而混凝土强度过高 又将产生粘模现象，影响滑模装置的正常滑升，因此应对刚出模 的混凝土凝结状态进行强度检验，使其控制在规范允许的范 围 内 。 2 初滑一般是指模板结构在组装后初次经受提升荷载的考 验，因此，在进行混凝土强度检验的同时，检查滑模装置是否工 作正常，如发现问题应立即处理，这对以后施工中保证平台结构 的安全十分重要。 11.0.6 本条规定的做法是为确保每个区段上下层的混凝土强度 相对均衡，才能确保滑模装置的平稳和滑模施工的安全。 11.0.7 在滑模施工过程中，控制滑升速度是保证施工安全的重 要条件之一，应严格控制模板的滑升速度，按预定的滑升速度施 工。如果混凝土的凝结速度与滑升速度不相适应时，应根据实际 情况和会商变更方案，适时调整滑升速度。超速滑升易造成滑模 操作平台整体失稳的严重安全事故，应严格禁止。 液压控制台是滑模提升系统的“心脏”,因而应由有经验的 人员操作，这样在滑升过程中才能全面掌握操作平台的工作状 态，控制滑升速度。避免有的操作人员因缺乏操作知识和经验， 不掌握现场情况就任意提升的现象。 11.0.8 本条对千斤顶的规定是为了确保滑模同步施工，操作平 台保持水平。 11.0.9 本条规定了滑升过程中控制结构偏移和扭转的操作要 求，强调高层建筑及平面面积较大的构筑物工程不得采用倾斜操 作平台的纠偏方法，是因为有些操作人员把平面面积较小的构筑 物的纠偏方法照搬到这类工程上，而这类工程平面刚度很大，采 用倾斜操作平台的纠偏方法无济于事，反而会造成滑模装置变 形，很不安全，应另采取其他有效措施。 有关记录表见现行国家标准《滑动模板工程技术规范》 GB 50113-2005的附录。 11.0.10 本条是对支承杆接头的有关规定，由于支承杆是滑模 装置的承载体，支承杆的接头处理一定要拧紧到位、稳固可靠。 11.0.11 滑模的支承杆一般设在混凝土体内，为了节省支承杆 的用量，采用φ48×3.5钢管支承杆可设在结构体外，此时应有 相应的加固措施。钢管支承杆穿过楼板时应采取传力措施，将支 承杆所承担的荷载分散到更多面积的楼板共同承担。当支承杆设 在结构体外和支承杆空滑施工时，都应对支承杆进行验算，并采 取可靠的加固措施。 11.0.12 实践证明，滑模施工管理不到位，滑模操作平台上会 出现脏、乱、差现象，不但安全难以保证，工程质量也很难达 标。因此要养成良好的习惯，始终保持平台整洁，及时清理平台 上及其以下各部位散落的碎渣及积灰，铲除模板上口和板面的 结 垢 。 11.0.13 滑模施工过程中，除对滑模装置进行常规安全检查外， 还应定期对垂直运输机械、吊具、吊索进行检查，目的是防止出 现机械事故、撞击事故、坠落事故等安全事故的发生。 11.0.14 本条规定的目的是当停电或发生机械故障时垂直运输 设备停运，人员上下通行的应急措施。 12 滑模装置拆除 12.0.1 滑模装置拆除是滑模施工最后一道工序，也是安全风险 较大的一个环节。为确保拆除工作安全完成，本条规定了滑模装 置拆除方案中对拆除的具体内容、拆除方法、拆除程序、所使用 的机械设备、安全措施等都要有详细计划和具体要求；施工中改 变滑模装置结构，如平面变化、截面变化所涉及的拆除或改装也 包括在其中。滑模装置分段整体拆除时，应进行相应的计算，所 使用机械设备的起重能力应能满足分段整体拆除时的起重要求。 12.0.2 滑模装置的拆除作业应按照批准后的专项施工方案有序 的进行，根据滑模施工的经验教训，在拆除工作中应加强组织管 理，拆除全过程应指定专人负责统一指挥，有效组织拆除工作， 防止事故发生；所有参加拆除作业的人员应经过技术交底、技术 培训，了解拆除内容、拆除方法和拆除顺序，大家协同配合，共 同遵守安全规定，对发现的不安全因素及时向总指挥反映。正因 为拆除队伍是一个有机整体，因此，在拆除的全过程中，不宜随 意更换作业人员，防止工作紊乱。 12.0.3 本条规定用于滑模装置拆除的垂直运输机械和机具，都 要进行安全检查，以确保各种机械和机具在拆除作业中安全 运 行 。 12.0.4 由于使用后的滑模装置有可能已发生潜在的磨损，有时 甚至发生明显的废损，装置上的混凝土残渣时有存在，因此在拆 除滑模装置时，应加倍注意安全，在建(构)筑物周围和塔吊运 行范围周围应划出警戒区。警戒线应设置明显的警戒标志，应设 专人监护和管理。 12.0.5 为防止装置上的混凝土残渣和零碎部件的掉落伤害人 体，因此参加拆除作业的人员在进入警戒线内，应佩戴安全帽， 高处作业时系好安全带，服从现场安全管理规定。非拆除人员未 经允许不得进入拆除警戒线内。 12.0.7 本条为强制性条文。滑模装置通常采用分段安装或拆 除，在实施过程中，由于体系不完整，各分段甚至整个滑模装置 存在倾倒或坠落的潜在安全风险，因此，应对滑模装置采取搭脚 手架、设斜支撑、钢丝绳拉结等固定措施，保证其稳固性。而支 承杆由于自重或拆除时割断，存在从千斤顶中滑脱的危险，因 此，对支承杆也应采取在千斤顶以上用限位卡或脚手架的扣件卡 紧或焊接短钢筋头或支承杆割断后从千斤顶下部及时抽出等主要 防坠落措施。 12.0.8 拆除作业应在白天光线充足、能见度良好、天气正常情 况下进行，以确保安全操作，夜间施工人员的视力及现场照明条 件都不如白天，遇有技术上的问题白天也较易处理，所以，夜间 不应进行拆除作业。 滑模装置在平台上采用分段整体拆除、然后到地面解体的目 的是为了减少高处作业，防止人和物的坠落事故发生。拆除的一 切物品应捆扎牢固、集中吊运，防止坠落伤人，严禁高空抛物。 12.0.9 滑模拆除工作系高处作业，施工人员的工作环境相对较 差，所以本条规定在气候条件不好时，不允许进行拆除作业。风 速8 .0m/s 相当于五级风。 统一书号：15112 ·23752","高处,洞口,坠落,安全带,防护栏杆,临时用电,漏电,配电箱","高处作业,临时用电,脚手架,起重吊装,模板支撑,消防动火,机械设备,教育培训,应急救援,事故报告,责任体系",2,是,现行,JGJ65-2013 液压滑动模板施工安全技术规程.docx,
CNLAW_029_中华人民共和国安,中华人民共和国安全生产法,2021年修订,第一章 总 则,第一条,,第一条 为了加强安全生产工作，防止和减少生产安全事故，保障人民群众生命和财产安全，进经济社会持续健康发展，制定本法。,事故,事故报告,2,是,现行,中华人民共和国安全生产法2021年修订.docx,
CNLAW_029_中华人民共和国安,中华人民共和国安全生产法,2021年修订,第一章 总 则,第二条,,第二条 在中华人民共和国领域内从事生产经营活动的单位（以下统称生产经营单位）的安全生产，适用本法；有关法律、行政法规对消防安全和道路交通安全、铁路交通安全、水上交通安全、民用航空安全以及核与辐射安全、特种设备安全另有规定的，适用其规定。,"消防,设备","消防动火,机械设备",2,是,现行,中华人民共和国安全生产法2021年修订.docx,
CNLAW_029_中华人民共和国安,中华人民共和国安全生产法,2021年修订,第一章 总 则,第三条,,第三条 安全生产工作坚持中国共产党的领导。安全生产工作应当以人为本，坚持人民至上、生命至上，把保护人民生命安全摆在首位，树牢安全发展理念，坚持安全第一、预防为主、综合治理的方针，从源头上防范化解重大安全风险。安全生产工作实行管行业必须管安全、管业务必须管安全、管生产经营必须管安全，强化和落实生产经营单位主体责任与政府监管责任，建立生产经营单位负责、职工参与、政府监管、行业自律和社会监督的机制。,"第三条,安全生产工作坚持,中国共产党的领导,安全生产工作应当,以人为本,坚持人民至上",通用,2,是,现行,中华人民共和国安全生产法2021年修订.docx,
CNLAW_029_中华人民共和国安,中华人民共和国安全生产法,2021年修订,第一章 总 则,第四条,,第四条 生产经营单位必须遵守本法和其他有关安全生产的法律、法规，加强安全生产管理，建立健全全员安全生产责任制和安全生产规章制度，加大对安全生产资金、物资、技术、人员的投入保障力度，改善安全生产条件，加强安全生产标准化、信息化建设，构建安全风险分级管控和隐患排查治理双重预防机制，健全风险防范化解机制，提高安全生产水平，确保安全生产。平台经济等新兴行业、领域的生产经营单位应当根据本行业、领域的特点，建立健全并落实全员安全生产责任制，加强从业人员安全生产教育和培训，履行本法和其他法律、法规规定的有关安全生产义务。,"培训,教育,责任制,安全生产责任","教育培训,责任体系",2,是,现行,中华人民共和国安全生产法2021年修订.docx,
CNLAW_029_中华人民共和国安,中华人民共和国安全生产法,2021年修订,第一章 总 则,第五条,,第五条 生产经营单位的主要负责人是本单位安全生产第一责任人，对本单位的安全生产工作全面负责。其他负责人对职责范围内的安全生产工作负责。,"负责人,职责",责任体系,2,是,现行,中华人民共和国安全生产法2021年修订.docx,
CNLAW_029_中华人民共和国安,中华人民共和国安全生产法,2021年修订,第一章 总 则,第六条,,第六条 生产经营单位的从业人员有依法获得安全生产保障的权利，并应当依法履行安全生产方面的义务。,"第六条,生产经营单位的从,业人员有依法获得,安全生产保障的权,并应当依法履行安,全生产方面的义务",通用,2,是,现行,中华人民共和国安全生产法2021年修订.docx,
CNLAW_029_中华人民共和国安,中华人民共和国安全生产法,2021年修订,第一章 总 则,第七条,,第七条 工会依法对安全生产工作进行监督。生产经营单位的工会依法组织职工参加本单位安全生产工作的民主管理和民主监督，维护职工在安全生产方面的合法权益。生产经营单位制定或者修改有关安全生产的规章制度，应当听取工会的意见。,"第七条,工会依法对安全生,产工作进行监督,生产经营单位的工,会依法组织职工参,加本单位安全生产",通用,2,是,现行,中华人民共和国安全生产法2021年修订.docx,
CNLAW_029_中华人民共和国安,中华人民共和国安全生产法,2021年修订,第一章 总 则,第八条,,第八条 国务院和县级以上地方各级人民政府应当根据国民经济和社会发展规划制定安全生产规划，并组织实施。安全生产规划应当与国土空间规划等相关规划相衔接。各级人民政府应当加强安全生产基础设施建设和安全生产监管能力建设，所需经费列入本级预算。县级以上地方各级人民政府应当组织有关部门建立完善安全风险评估与论证机制，按照安全风险管控要求，进行产业规划和空间布局，并对位置相邻、行业相近、业态相似的生产经营单位实施重大安全风险联防联控。,"第八条,国务院和县级以上,地方各级人民政府,应当根据国民经济,和社会发展规划制,定安全生产规划",通用,2,是,现行,中华人民共和国安全生产法2021年修订.docx,
CNLAW_029_中华人民共和国安,中华人民共和国安全生产法,2021年修订,第一章 总 则,第九条,,第九条 国务院和县级以上地方各级人民政府应当加强对安全生产工作的领导，建立健全安全生产工作协调机制，支持、督促各有关部门依法履行安全生产监督管理职责，及时协调、解决安全生产监督管理中存在的重大问题。乡镇人民政府和街道办事处，以及开发区、工业园区、港区、风景区等应当明确负责安全生产监督管理的有关工作机构及其职责，加强安全生产监管力量建设，按照职责对本行政区域或者管理区域内生产经营单位安全生产状况进行监督检查，协助人民政府有关部门或者按照授权依法履行安全生产监督管理职责。,职责,责任体系,2,是,现行,中华人民共和国安全生产法2021年修订.docx,
CNLAW_029_中华人民共和国安,中华人民共和国安全生产法,2021年修订,第一章 总 则,第十条,,第十条 国务院应急管理部门依照本法，对全国安全生产工作实施综合监督管理；县级以上地方各级人民政府应急管理部门依照本法，对本行政区域内安全生产工作实施综合监督管理。国务院交通运输、住房和城乡建设、水利、民航等有关部门依照本法和其他有关法律、行政法规的规定，在各自的职责范围内对有关行业、领域的安全生产工作实施监督管理；县级以上地方各级人民政府有关部门依照本法和其他有关法律、法规的规定，在各自的职责范围内对有关行业、领域的安全生产工作实施监督管理。对新兴行业、领域的安全生产监督管理职责不明确的，由县级以上地方各级人民政府按照业务相近的原则确定监督管理部门。应急管理部门和对有关行业、领域的安全生产工作实施监督管理的部门，统称负有安全生产监督管理职责的部门。负有安全生产监督管理职责的部门应当相互配合、齐抓共管、信息共享、资源共用，依法加强安全生产监督管理工作。,"应急,职责","应急救援,责任体系",2,是,现行,中华人民共和国安全生产法2021年修订.docx,
CNLAW_029_中华人民共和国安,中华人民共和国安全生产法,2021年修订,第一章 总 则,第十一条,,第十一条 国务院有关部门应当按照保障安全生产的要求，依法及时制定有关的国家标准或者行业标准，并根据科技进步和经济发展适时修订。生产经营单位必须执行依法制定的保障安全生产的国家标准或者行业标准。,"第十一条,国务院有关部门应,当按照保障安全生,产的要求,依法及时制定有关,的国家标准或者行",通用,2,是,现行,中华人民共和国安全生产法2021年修订.docx,
CNLAW_029_中华人民共和国安,中华人民共和国安全生产法,2021年修订,第一章 总 则,第十二条,,第十二条 国务院有关部门按照职责分工负责安全生产强制性国家标准的项目提出、组织起草、征求意见、技术审查。国务院应急管理部门统筹提出安全生产强制性国家标准的立项计划。国务院标准化行政主管部门负责安全生产强制性国家标准的立项、编号、对外通报和授权批准发布工作。国务院标准化行政主管部门、有关部门依据法定职责对安全生产强制性国家标准的实施进行监督检查。,"应急,职责","应急救援,责任体系",2,是,现行,中华人民共和国安全生产法2021年修订.docx,
CNLAW_029_中华人民共和国安,中华人民共和国安全生产法,2021年修订,第一章 总 则,第十三条,,第十三条 各级人民政府及其有关部门应当采取多种形式，加强对有关安全生产的法律、法规和安全生产知识的宣传，增强全社会的安全生产意识。,"第十三条,各级人民政府及其,有关部门应当采取,多种形式,加强对有关安全生,产的法律",通用,2,是,现行,中华人民共和国安全生产法2021年修订.docx,
CNLAW_029_中华人民共和国安,中华人民共和国安全生产法,2021年修订,第一章 总 则,第十四条,,第十四条 有关协会组织依照法律、行政法规和章程，为生产经营单位提供安全生产方面的信息、培训等服务，发挥自律作用，促进生产经营单位加强安全生产管理。,培训,教育培训,2,是,现行,中华人民共和国安全生产法2021年修订.docx,
CNLAW_029_中华人民共和国安,中华人民共和国安全生产法,2021年修订,第一章 总 则,第十五条,,第十五条 依法设立的为安全生产提供技术、管理服务的机构，依照法律、行政法规和执业准则，接受生产经营单位的委托为其安全生产工作提供技术、管理服务。生产经营单位委托前款规定的机构提供安全生产技术、管理服务的，保证安全生产的责任仍由本单位负责。,"第十五条,依法设立的为安全,生产提供技术,管理服务的机构,依照法律,行政法规和执业准",通用,2,是,现行,中华人民共和国安全生产法2021年修订.docx,
CNLAW_029_中华人民共和国安,中华人民共和国安全生产法,2021年修订,第一章 总 则,第十六条,,第十六条 国家实行生产安全事故责任追究制度，依照本法和有关法律、法规的规定，追究生产安全事故责任单位和责任人员的法律责任。,"事故,法律责任,追究","事故报告,处罚问责",2,是,现行,中华人民共和国安全生产法2021年修订.docx,
CNLAW_029_中华人民共和国安,中华人民共和国安全生产法,2021年修订,第一章 总 则,第十七条,,第十七条 县级以上各级人民政府应当组织负有安全生产监督管理职责的部门依法编制安全生产权力和责任清单，公开并接受社会监督。,职责,责任体系,2,是,现行,中华人民共和国安全生产法2021年修订.docx,
CNLAW_029_中华人民共和国安,中华人民共和国安全生产法,2021年修订,第一章 总 则,第十八条,,第十八条 国家鼓励和支持安全生产科学技术研究和安全生产先进技术的推广应用，提高安全生产水平。,"第十八条,国家鼓励和支持安,全生产科学技术研,究和安全生产先进,技术的推广应用,提高安全生产水平",通用,2,是,现行,中华人民共和国安全生产法2021年修订.docx,
CNLAW_029_中华人民共和国安,中华人民共和国安全生产法,2021年修订,第一章 总 则,第十九条,,第十九条 国家对在改善安全生产条件、防止生产安全事故、参加抢险救护等方面取得显著成绩的单位和个人，给予奖励。,事故,事故报告,2,是,现行,中华人民共和国安全生产法2021年修订.docx,
CNLAW_029_中华人民共和国安,中华人民共和国安全生产法,2021年修订,第二章 生产经营单位的安全生产保障,第二十条,,第二十条 生产经营单位应当具备本法和有关法律、行政法规和国家标准或者行业标准规定的安全生产条件；不具备安全生产条件的，不得从事生产经营活动。,"第二十条,生产经营单位应当,具备本法和有关法,行政法规和国家标,准或者行业标准规,定的安全生产条件",通用,2,是,现行,中华人民共和国安全生产法2021年修订.docx,
CNLAW_029_中华人民共和国安,中华人民共和国安全生产法,2021年修订,第二章 生产经营单位的安全生产保障,第二十一条,生产经营单位的主要负责人对本单位安全生产工作负有下列职责:,第二十一条 生产经营单位的主要负责人对本单位安全生产工作负有下列职责: （一）建立健全并落实本单位全员安全生产责任制，加强安全生产标准化建设； （二）组织制定并实施本单位安全生产规章制度和操作规程； （三）组织制定并实施本单位安全生产教育和培训计划； （四）保证本单位安全生产投入的有效实施； （五）组织建立并落实安全风险分级管控和隐患排查治理双重预防工作机制，督促、检查本单位的安全生产工作，及时消除生产安全事故隐患； （六）组织制定并实施本单位的生产安全事故应急救援预案； （七）及时、如实报告生产安全事故。,"培训,教育,应急,救援,预案,事故,报告,负责人","教育培训,应急救援,事故报告,责任体系",2,是,现行,中华人民共和国安全生产法2021年修订.docx,
CNLAW_029_中华人民共和国安,中华人民共和国安全生产法,2021年修订,第二章 生产经营单位的安全生产保障,第二十二条,,第二十二条 生产经营单位的全员安全生产责任制应当明确各岗位的责任人员、责任范围和考核标准等内容。生产经营单位应当建立相应的机制，加强对全员安全生产责任制落实情况的监督考核，保证全员安全生产责任制的落实。,"责任制,安全生产责任",责任体系,2,是,现行,中华人民共和国安全生产法2021年修订.docx,
CNLAW_029_中华人民共和国安,中华人民共和国安全生产法,2021年修订,第二章 生产经营单位的安全生产保障,第二十三条,,第二十三条 生产经营单位应当具备的安全生产条件所必需的资金投入，由生产经营单位的决策机构、主要负责人或者个人经营的投资人予以保证，并对由于安全生产所必需的资金投入不足导致的后果承担责任。有关生产经营单位应当按照规定提取和使用安全生产费用，专门用于改善安全生产条件。安全生产费用在成本中据实列支。安全生产费用提取、使用和监督管理的具体办法由国务院财政部门会同国务院应急管理部门征求国务院有关部门意见后制定。,"应急,负责人","应急救援,责任体系",2,是,现行,中华人民共和国安全生产法2021年修订.docx,
CNLAW_029_中华人民共和国安,中华人民共和国安全生产法,2021年修订,第二章 生产经营单位的安全生产保障,第二十四条,,第二十四条 矿山、金属冶炼、建筑施工、运输单位和危险物品的生产、经营、储存、装卸单位，应当设置安全生产管理机构或者配备专职安全生产管理人员。前款规定以外的其他生产经营单位，从业人员超过一百人的，应当设置安全生产管理机构或者配备专职安全生产管理人员；从业人员在一百人以下的，应当配备专职或者兼职的安全生产管理人员。,管理机构,责任体系,2,是,现行,中华人民共和国安全生产法2021年修订.docx,
CNLAW_029_中华人民共和国安,中华人民共和国安全生产法,2021年修订,第二章 生产经营单位的安全生产保障,第二十五条,生产经营单位的安全生产管理机构以及安全生产管理人员履行下列职责:,第二十五条 生产经营单位的安全生产管理机构以及安全生产管理人员履行下列职责: （一）组织或者参与拟订本单位安全生产规章制度、操作规程和生产安全事故应急救援预案； （二）组织或者参与本单位安全生产教育和培训，如实记录安全生产教育和培训情况； （三）组织开展危险源辨识和评估，督促落实本单位重大危险源的安全管理措施； （四）组织或者参与本单位应急救援演练； （五）检查本单位的安全生产状况，及时排查生产安全事故隐患，提出改进安全生产管理的建议； （六）制止和纠正违章指挥、强令冒险作业、违反操作规程的行为； （七）督促落实本单位安全生产整改措施。生产经营单位可以设置专职安全生产分管负责人，协助本单位主要负责人履行安全生产管理职责。,"指挥,培训,教育,应急,救援,预案,演练,事故","起重吊装,教育培训,应急救援,事故报告,责任体系",2,是,现行,中华人民共和国安全生产法2021年修订.docx,
CNLAW_029_中华人民共和国安,中华人民共和国安全生产法,2021年修订,第二章 生产经营单位的安全生产保障,第二十六条,,第二十六条 生产经营单位的安全生产管理机构以及安全生产管理人员应当恪尽职守，依法履行职责。生产经营单位作出涉及安全生产的经营决策，应当听取安全生产管理机构以及安全生产管理人员的意见。生产经营单位不得因安全生产管理人员依法履行职责而降低其工资、福利等待遇或者解除与其订立的劳动合同。危险物品的生产、储存单位以及矿山、金属冶炼单位的安全生产管理人员的任免，应当告知主管的负有安全生产监督管理职责的部门。,"管理机构,职责",责任体系,2,是,现行,中华人民共和国安全生产法2021年修订.docx,
CNLAW_029_中华人民共和国安,中华人民共和国安全生产法,2021年修订,第二章 生产经营单位的安全生产保障,第二十七条,,第二十七条 生产经营单位的主要负责人和安全生产管理人员必须具备与本单位所从事的生产经营活动相应的安全生产知识和管理能力。危险物品的生产、经营、储存、装卸单位以及矿山、金属冶炼、建筑施工、运输单位的主要负责人和安全生产管理人员，应当由主管的负有安全生产监督管理职责的部门对其安全生产知识和管理能力考核合格。考核不得收费。危险物品的生产、储存、装卸单位以及矿山、金属冶炼单位应当有注册安全工程师从事安全生产管理工作。鼓励其他生产经营单位聘用注册安全工程师从事安全生产管理工作。注册安全工程师按专业分类管理，具体办法由国务院人力资源和社会保障部门、国务院应急管理部门会同国务院有关部门制定。,"应急,负责人,职责","应急救援,责任体系",2,是,现行,中华人民共和国安全生产法2021年修订.docx,
CNLAW_029_中华人民共和国安,中华人民共和国安全生产法,2021年修订,第二章 生产经营单位的安全生产保障,第二十八条,,第二十八条 生产经营单位应当对从业人员进行安全生产教育和培训，保证从业人员具备必要的安全生产知识，熟悉有关的安全生产规章制度和安全操作规程，掌握本岗位的安全操作技能，了解事故应急处理措施，知悉自身在安全生产方面的权利和义务。未经安全生产教育和培训合格的从业人员，不得上岗作业。生产经营单位使用被派遣劳动者的，应当将被派遣劳动者纳入本单位从业人员统一管理，对被派遣劳动者进行岗位安全操作规程和安全操作技能的教育和培训。劳务派遣单位应当对被派遣劳动者进行必要的安全生产教育和培训。生产经营单位接收中等职业学校、高等学校学生实习的，应当对实习学生进行相应的安全生产教育和培训，提供必要的劳动防护用品。学校应当协助生产经营单位对实习学生进行安全生产教育和培训。生产经营单位应当建立安全生产教育和培训档案，如实记录安全生产教育和培训的时间、内容、参加人员以及考核结果等情况。,"培训,教育,应急,事故","教育培训,应急救援,事故报告",2,是,现行,中华人民共和国安全生产法2021年修订.docx,
CNLAW_029_中华人民共和国安,中华人民共和国安全生产法,2021年修订,第二章 生产经营单位的安全生产保障,第二十九条,,第二十九条 生产经营单位采用新工艺、新技术、新材料或者使用新设备，必须了解、掌握其安全技术特性，采取有效的安全防护措施，并对从业人员进行专门的安全生产教育和培训。,"设备,培训,教育","机械设备,教育培训",2,是,现行,中华人民共和国安全生产法2021年修订.docx,
CNLAW_029_中华人民共和国安,中华人民共和国安全生产法,2021年修订,第二章 生产经营单位的安全生产保障,第三十条,,第三十条 生产经营单位的特种作业人员必须按照国家有关规定经专门的安全作业培训，取得相应资格，方可上岗作业。特种作业人员的范围由国务院应急管理部门会同国务院有关部门确定。,"培训,特种作业,应急","教育培训,应急救援",2,是,现行,中华人民共和国安全生产法2021年修订.docx,
CNLAW_029_中华人民共和国安,中华人民共和国安全生产法,2021年修订,第二章 生产经营单位的安全生产保障,第三十一条,,第三十一条 生产经营单位新建、改建、扩建工程项目（以下统称建设项目）的安全设施，必须与主体工程同时设计、同时施工、同时投入生产和使用。安全设施投资应当纳入建设项目概算。,"第三十一条,生产经营单位新建,改建,扩建工程项目,以下统称建设项目,的安全设施",通用,2,是,现行,中华人民共和国安全生产法2021年修订.docx,
CNLAW_029_中华人民共和国安,中华人民共和国安全生产法,2021年修订,第二章 生产经营单位的安全生产保障,第三十二条,,第三十二条 矿山、金属冶炼建设项目和用于生产、储存、装卸危险物品的建设项目，应当按照国家有关规定进行安全评价。,"第三十二条,矿山,金属冶炼建设项目,和用于生产,储存,装卸危险物品的建",通用,2,是,现行,中华人民共和国安全生产法2021年修订.docx,
CNLAW_029_中华人民共和国安,中华人民共和国安全生产法,2021年修订,第二章 生产经营单位的安全生产保障,第三十三条,,第三十三条 建设项目安全设施的设计人、设计单位应当对安全设施设计负责。矿山、金属冶炼建设项目和用于生产、储存、装卸危险物品的建设项目的安全设施设计应当按照国家有关规定报经有关部门审查，审查部门及其负责审查的人员对审查结果负责。,"第三十三条,建设项目安全设施,的设计人,设计单位应当对安,全设施设计负责,矿山",通用,2,是,现行,中华人民共和国安全生产法2021年修订.docx,
CNLAW_029_中华人民共和国安,中华人民共和国安全生产法,2021年修订,第二章 生产经营单位的安全生产保障,第三十四条,,第三十四条 矿山、金属冶炼建设项目和用于生产、储存、装卸危险物品的建设项目的施工单位必须按照批准的安全设施设计施工，并对安全设施的工程质量负责。矿山、金属冶炼建设项目和用于生产、储存、装卸危险物品的建设项目竣工投入生产或者使用前，应当由建设单位负责组织对安全设施进行验收；验收合格后，方可投入生产和使用。负有安全生产监督管理职责的部门应当加强对建设单位验收活动和验收结果的监督核查。,职责,责任体系,2,是,现行,中华人民共和国安全生产法2021年修订.docx,
CNLAW_029_中华人民共和国安,中华人民共和国安全生产法,2021年修订,第二章 生产经营单位的安全生产保障,第三十五条,,第三十五条 生产经营单位应当在有较大危险因素的生产经营场所和有关设施、设备上，设置明显的安全警示标志。,设备,机械设备,2,是,现行,中华人民共和国安全生产法2021年修订.docx,
CNLAW_029_中华人民共和国安,中华人民共和国安全生产法,2021年修订,第二章 生产经营单位的安全生产保障,第三十六条,,第三十六条 安全设备的设计、制造、安装、使用、检测、维修、改造和报废，应当符合国家标准或者行业标准。生产经营单位必须对安全设备进行经常性维护、保养，并定期检测，保证正常运转。维护、保养、检测应当作好记录，并由有关人员签字。生产经营单位不得关闭、破坏直接关系生产安全的监控、报警、防护、救生设备、设施，或者篡改、隐瞒、销毁其相关数据、信息。餐饮等行业的生产经营单位使用燃气的，应当安装可燃气体报警装置，并保障其正常使用。,设备,机械设备,2,是,现行,中华人民共和国安全生产法2021年修订.docx,
CNLAW_029_中华人民共和国安,中华人民共和国安全生产法,2021年修订,第二章 生产经营单位的安全生产保障,第三十七条,,第三十七条 生产经营单位使用的危险物品的容器、运输工具，以及涉及人身安全、危险性较大的海洋石油开采特种设备和矿山井下特种设备，必须按照国家有关规定，由专业生产单位生产，并经具有专业资质的检测、检验机构检测、检验合格，取得安全使用证或者安全标志，方可投入使用。检测、检验机构对检测、检验结果负责。,设备,机械设备,2,是,现行,中华人民共和国安全生产法2021年修订.docx,
CNLAW_029_中华人民共和国安,中华人民共和国安全生产法,2021年修订,第二章 生产经营单位的安全生产保障,第三十八条,,第三十八条 国家对严重危及生产安全的工艺、设备实行淘汰制度，具体目录由国务院应急管理部门会同国务院有关部门制定并公布。法律、行政法规对目录的制定另有规定的，适用其规定。省、自治区、直辖市人民政府可以根据本地区实际情况制定并公布具体目录，对前款规定以外的危及生产安全的工艺、设备予以淘汰。生产经营单位不得使用应当淘汰的危及生产安全的工艺、设备。,"设备,应急","机械设备,应急救援",2,是,现行,中华人民共和国安全生产法2021年修订.docx,
CNLAW_029_中华人民共和国安,中华人民共和国安全生产法,2021年修订,第二章 生产经营单位的安全生产保障,第三十九条,,第三十九条 生产、经营、运输、储存、使用危险物品或者处置废弃危险物品的，由有关主管部门依照有关法律、法规的规定和国家标准或者行业标准审批并实施监督管理。生产经营单位生产、经营、运输、储存、使用危险物品或者处置废弃危险物品，必须执行有关法律、法规和国家标准或者行业标准，建立专门的安全管理制度，采取可靠的安全措施，接受有关主管部门依法实施的监督管理。,"第三十九条,生产,经营,运输,储存,使用危险物品或者",通用,2,是,现行,中华人民共和国安全生产法2021年修订.docx,
CNLAW_029_中华人民共和国安,中华人民共和国安全生产法,2021年修订,第二章 生产经营单位的安全生产保障,第四十条,,第四十条 生产经营单位对重大危险源应当登记建档，进行定期检测、评估、监控，并制定应急预案，告知从业人员和相关人员在紧急情况下应当采取的应急措施。生产经营单位应当按照国家有关规定将本单位重大危险源及有关安全措施、应急措施报有关地方人民政府应急管理部门和有关部门备案。有关地方人民政府应急管理部门和有关部门应当通过相关信息系统实现信息共享。,"应急,预案",应急救援,2,是,现行,中华人民共和国安全生产法2021年修订.docx,
CNLAW_029_中华人民共和国安,中华人民共和国安全生产法,2021年修订,第二章 生产经营单位的安全生产保障,第四十一条,,第四十一条 生产经营单位应当建立安全风险分级管控制度，按照安全风险分级采取相应的管控措施。生产经营单位应当建立健全并落实生产安全事故隐患排查治理制度，采取技术、管理措施，及时发现并消除事故隐患。事故隐患排查治理情况应当如实记录，并通过职工大会或者职工代表大会、信息公示栏等方式向从业人员通报。其中，重大事故隐患排查治理情况应当及时向负有安全生产监督管理职责的部门和职工大会或者职工代表大会报告。县级以上地方各级人民政府负有安全生产监督管理职责的部门应当将重大事故隐患纳入相关信息系统，建立健全重大事故隐患治理督办制度，督促生产经营单位消除重大事故隐患。,"事故,报告,职责","事故报告,责任体系",2,是,现行,中华人民共和国安全生产法2021年修订.docx,
CNLAW_029_中华人民共和国安,中华人民共和国安全生产法,2021年修订,第二章 生产经营单位的安全生产保障,第四十二条,,第四十二条 生产、经营、储存、使用危险物品的车间、商店、仓库不得与员工宿舍在同一座建筑物内，并应当与员工宿舍保持安全距离。生产经营场所和员工宿舍应当设有符合紧急疏散要求、标志明显、保持畅通的出口、疏散通道。禁止占用、锁闭、封堵生产经营场所或者员工宿舍的出口、疏散通道。,"第四十二条,生产,经营,储存,使用危险物品的车,商店",通用,2,是,现行,中华人民共和国安全生产法2021年修订.docx,
CNLAW_029_中华人民共和国安,中华人民共和国安全生产法,2021年修订,第二章 生产经营单位的安全生产保障,第四十三条,,第四十三条 生产经营单位进行爆破、吊装、动火、临时用电以及国务院应急管理部门会同国务院有关部门规定的其他危险作业，应当安排专门人员进行现场安全管理，确保操作规程的遵守和安全措施的落实。,"临时用电,吊装,动火,应急","临时用电,起重吊装,消防动火,应急救援",2,是,现行,中华人民共和国安全生产法2021年修订.docx,
CNLAW_029_中华人民共和国安,中华人民共和国安全生产法,2021年修订,第二章 生产经营单位的安全生产保障,第四十四条,,第四十四条 生产经营单位应当教育和督促从业人员严格执行本单位的安全生产规章制度和安全操作规程；并向从业人员如实告知作业场所和工作岗位存在的危险因素、防范措施以及事故应急措施。生产经营单位应当关注从业人员的身体、心理状况和行为习惯，加强对从业人员的心理疏导、精神慰藉，严格落实岗位安全生产责任，防范从业人员行为异常导致事故发生。,"教育,应急,事故,安全生产责任","教育培训,应急救援,事故报告,责任体系",2,是,现行,中华人民共和国安全生产法2021年修订.docx,
CNLAW_029_中华人民共和国安,中华人民共和国安全生产法,2021年修订,第二章 生产经营单位的安全生产保障,第四十五条,,第四十五条 生产经营单位必须为从业人员提供符合国家标准或者行业标准的劳动防护用品，并监督、教育从业人员按照使用规则佩戴、使用。,教育,教育培训,2,是,现行,中华人民共和国安全生产法2021年修订.docx,
CNLAW_029_中华人民共和国安,中华人民共和国安全生产法,2021年修订,第二章 生产经营单位的安全生产保障,第四十六条,,第四十六条 生产经营单位的安全生产管理人员应当根据本单位的生产经营特点，对安全生产状况进行经常性检查；对检查中发现的安全问题，应当立即处理；不能处理的，应当及时报告本单位有关负责人，有关负责人应当及时处理。检查及处理情况应当如实记录在案。生产经营单位的安全生产管理人员在检查中发现重大事故隐患，依照前款规定向本单位有关负责人报告，有关负责人不及时处理的，安全生产管理人员可以向主管的负有安全生产监督管理职责的部门报告，接到报告的部门应当依法及时处理。,"事故,报告,负责人,职责","事故报告,责任体系",2,是,现行,中华人民共和国安全生产法2021年修订.docx,
CNLAW_029_中华人民共和国安,中华人民共和国安全生产法,2021年修订,第二章 生产经营单位的安全生产保障,第四十七条,,第四十七条 生产经营单位应当安排用于配备劳动防护用品、进行安全生产培训的经费。,培训,教育培训,2,是,现行,中华人民共和国安全生产法2021年修订.docx,
CNLAW_029_中华人民共和国安,中华人民共和国安全生产法,2021年修订,第二章 生产经营单位的安全生产保障,第四十八条,,第四十八条 两个以上生产经营单位在同一作业区域内进行生产经营活动，可能危及对方生产安全的，应当签订安全生产管理协议，明确各自的安全生产管理职责和应当采取的安全措施，并指定专职安全生产管理人员进行安全检查与协调。,职责,责任体系,2,是,现行,中华人民共和国安全生产法2021年修订.docx,
CNLAW_029_中华人民共和国安,中华人民共和国安全生产法,2021年修订,第二章 生产经营单位的安全生产保障,第四十九条,,第四十九条 生产经营单位不得将生产经营项目、场所、设备发包或者出租给不具备安全生产条件或者相应资质的单位或者个人。生产经营项目、场所发包或者出租给其他单位的，生产经营单位应当与承包单位、承租单位签订专门的安全生产管理协议，或者在承包合同、租赁合同中约定各自的安全生产管理职责；生产经营单位对承包单位、承租单位的安全生产工作统一协调、管理，定期进行安全检查，发现安全问题的，应当及时督促整改。矿山、金属冶炼建设项目和用于生产、储存、装卸危险物品的建设项目的施工单位应当加强对施工项目的安全管理，不得倒卖、出租、出借、挂靠或者以其他形式非法转让施工资质，不得将其承包的全部建设工程转包给第三人或者将其承包的全部建设工程支解以后以分包的名义分别转包给第三人，不得将工程分包给不具备相应资质条件的单位。,"设备,职责","机械设备,责任体系",2,是,现行,中华人民共和国安全生产法2021年修订.docx,
CNLAW_029_中华人民共和国安,中华人民共和国安全生产法,2021年修订,第二章 生产经营单位的安全生产保障,第五十条,,第五十条 生产经营单位发生生产安全事故时，单位的主要负责人应当立即组织抢救，并不得在事故调查处理期间擅离职守。,"事故,调查,负责人","事故报告,责任体系",2,是,现行,中华人民共和国安全生产法2021年修订.docx,
CNLAW_029_中华人民共和国安,中华人民共和国安全生产法,2021年修订,第二章 生产经营单位的安全生产保障,第五十一条,,第五十一条 生产经营单位必须依法参加工伤保险，为从业人员缴纳保险费。国家鼓励生产经营单位投保安全生产责任保险；属于国家规定的高危行业、领域的生产经营单位，应当投保安全生产责任保险。具体范围和实施办法由国务院应急管理部门会同国务院财政部门、国务院保险监督管理机构和相关行业主管部门制定。,"应急,管理机构,安全生产责任","应急救援,责任体系",2,是,现行,中华人民共和国安全生产法2021年修订.docx,
CNLAW_029_中华人民共和国安,中华人民共和国安全生产法,2021年修订,第三章 从业人员的安全生产权利义务,第五十二条,,第五十二条 生产经营单位与从业人员订立的劳动合同，应当载明有关保障从业人员劳动安全、防止职业危害的事项，以及依法为从业人员办理工伤保险的事项。生产经营单位不得以任何形式与从业人员订立协议，免除或者减轻其对从业人员因生产安全事故伤亡依法应承担的责任。,事故,事故报告,2,是,现行,中华人民共和国安全生产法2021年修订.docx,
CNLAW_029_中华人民共和国安,中华人民共和国安全生产法,2021年修订,第三章 从业人员的安全生产权利义务,第五十三条,,第五十三条 生产经营单位的从业人员有权了解其作业场所和工作岗位存在的危险因素、防范措施及事故应急措施，有权对本单位的安全生产工作提出建议。,"应急,事故","应急救援,事故报告",2,是,现行,中华人民共和国安全生产法2021年修订.docx,
CNLAW_029_中华人民共和国安,中华人民共和国安全生产法,2021年修订,第三章 从业人员的安全生产权利义务,第五十四条,,第五十四条 从业人员有权对本单位安全生产工作中存在的问题提出批评、检举、控告；有权拒绝违章指挥和强令冒险作业。生产经营单位不得因从业人员对本单位安全生产工作提出批评、检举、控告或者拒绝违章指挥、强令冒险作业而降低其工资、福利等待遇或者解除与其订立的劳动合同。,指挥,起重吊装,2,是,现行,中华人民共和国安全生产法2021年修订.docx,
CNLAW_029_中华人民共和国安,中华人民共和国安全生产法,2021年修订,第三章 从业人员的安全生产权利义务,第五十五条,,第五十五条 从业人员发现直接危及人身安全的紧急情况时，有权停止作业或者在采取可能的应急措施后撤离作业场所。生产经营单位不得因从业人员在前款紧急情况下停止作业或者采取紧急撤离措施而降低其工资、福利等待遇或者解除与其订立的劳动合同。,应急,应急救援,2,是,现行,中华人民共和国安全生产法2021年修订.docx,
CNLAW_029_中华人民共和国安,中华人民共和国安全生产法,2021年修订,第三章 从业人员的安全生产权利义务,第五十六条,,第五十六条 生产经营单位发生生产安全事故后，应当及时采取措施救治有关人员。因生产安全事故受到损害的从业人员，除依法享有工伤保险外，依照有关民事法律尚有获得赔偿的权利的，有权提出赔偿要求。,事故,事故报告,2,是,现行,中华人民共和国安全生产法2021年修订.docx,
CNLAW_029_中华人民共和国安,中华人民共和国安全生产法,2021年修订,第三章 从业人员的安全生产权利义务,第五十七条,,第五十七条 从业人员在作业过程中，应当严格落实岗位安全责任，遵守本单位的安全生产规章制度和操作规程，服从管理，正确佩戴和使用劳动防护用品。,"第五十七条,从业人员在作业过,程中,应当严格落实岗位,安全责任,遵守本单位的安全",通用,2,是,现行,中华人民共和国安全生产法2021年修订.docx,
CNLAW_029_中华人民共和国安,中华人民共和国安全生产法,2021年修订,第三章 从业人员的安全生产权利义务,第五十八条,,第五十八条 从业人员应当接受安全生产教育和培训，掌握本职工作所需的安全生产知识，提高安全生产技能，增强事故预防和应急处理能力。,"培训,教育,应急,事故","教育培训,应急救援,事故报告",2,是,现行,中华人民共和国安全生产法2021年修订.docx,
CNLAW_029_中华人民共和国安,中华人民共和国安全生产法,2021年修订,第三章 从业人员的安全生产权利义务,第五十九条,,第五十九条 从业人员发现事故隐患或者其他不安全因素，应当立即向现场安全生产管理人员或者本单位负责人报告；接到报告的人员应当及时予以处理。,"事故,报告,负责人","事故报告,责任体系",2,是,现行,中华人民共和国安全生产法2021年修订.docx,
CNLAW_029_中华人民共和国安,中华人民共和国安全生产法,2021年修订,第三章 从业人员的安全生产权利义务,第六十条,,第六十条 工会有权对建设项目的安全设施与主体工程同时设计、同时施工、同时投入生产和使用进行监督，提出意见。工会对生产经营单位违反安全生产法律、法规，侵犯从业人员合法权益的行为，有权要求纠正；发现生产经营单位违章指挥、强令冒险作业或者发现事故隐患时，有权提出解决的建议，生产经营单位应当及时研究答复；发现危及从业人员生命安全的情况时，有权向生产经营单位建议组织从业人员撤离危险场所，生产经营单位必须立即作出处理。工会有权依法参加事故调查，向有关部门提出处理意见，并要求追究有关人员的责任。,"指挥,事故,调查,追究","起重吊装,事故报告,处罚问责",2,是,现行,中华人民共和国安全生产法2021年修订.docx,
CNLAW_029_中华人民共和国安,中华人民共和国安全生产法,2021年修订,第三章 从业人员的安全生产权利义务,第六十一条,,第六十一条 生产经营单位使用被派遣劳动者的，被派遣劳动者享有本法规定的从业人员的权利，并应当履行本法规定的从业人员的义务。,"第六十一条,生产经营单位使用,被派遣劳动者的,被派遣劳动者享有,本法规定的从业人,员的权利",通用,2,是,现行,中华人民共和国安全生产法2021年修订.docx,
CNLAW_029_中华人民共和国安,中华人民共和国安全生产法,2021年修订,第四章 安全生产的监督管理,第六十二条,,第六十二条 县级以上地方各级人民政府应当根据本行政区域内的安全生产状况，组织有关部门按照职责分工，对本行政区域内容易发生重大生产安全事故的生产经营单位进行严格检查。应急管理部门应当按照分类分级监督管理的要求，制定安全生产年度监督检查计划，并按照年度监督检查计划进行监督检查，发现事故隐患，应当及时处理。,"应急,事故,职责","应急救援,事故报告,责任体系",2,是,现行,中华人民共和国安全生产法2021年修订.docx,
CNLAW_029_中华人民共和国安,中华人民共和国安全生产法,2021年修订,第四章 安全生产的监督管理,第六十三条,,第六十三条 负有安全生产监督管理职责的部门依照有关法律、法规的规定，对涉及安全生产的事项需要审查批准（包括批准、核准、许可、注册、认证、颁发证照等，下同）或者验收的，必须严格依照有关法律、法规和国家标准或者行业标准规定的安全生产条件和程序进行审查；不符合有关法律、法规和国家标准或者行业标准规定的安全生产条件的，不得批准或者验收通过。对未依法取得批准或者验收合格的单位擅自从事有关活动的，负责行政审批的部门发现或者接到举报后应当立即予以取缔，并依法予以处理。对已经依法取得批准的单位，负责行政审批的部门发现其不再具备安全生产条件的，应当撤销原批准。,职责,责任体系,2,是,现行,中华人民共和国安全生产法2021年修订.docx,
CNLAW_029_中华人民共和国安,中华人民共和国安全生产法,2021年修订,第四章 安全生产的监督管理,第六十四条,,第六十四条 负有安全生产监督管理职责的部门对涉及安全生产的事项进行审查、验收，不得收取费用；不得要求接受审查、验收的单位购买其指定品牌或者指定生产、销售单位的安全设备、器材或者其他产品。,"设备,职责","机械设备,责任体系",2,是,现行,中华人民共和国安全生产法2021年修订.docx,
CNLAW_029_中华人民共和国安,中华人民共和国安全生产法,2021年修订,第四章 安全生产的监督管理,第六十五条,,第六十五条 应急管理部门和其他负有安全生产监督管理职责的部门依法开展安全生产行政执法工作，对生产经营单位执行有关安全生产的法律、法规和国家标准或者行业标准的情况进行监督检查，行使以下职权: （一）进入生产经营单位进行检查，调阅有关资料，向有关单位和人员了解情况； （二）对检查中发现的安全生产违法行为，当场予以纠正或者要求限期改正；对依法应当给予行政处罚的行为，依照本法和其他有关法律、行政法规的规定作出行政处罚决定； （三）对检查中发现的事故隐患，应当责令立即排除；重大事故隐患排除前或者排除过程中无法保证安全的，应当责令从危险区域内撤出作业人员，责令暂时停产停业或者停止使用相关设施、设备；重大事故隐患排除后，经审查同意，方可恢复生产经营和使用； （四）对有根据认为不符合保障安全生产的国家标准或者行业标准的设施、设备、器材以及违法生产、储存、使用、经营、运输的危险物品予以查封或者扣押，对违法生产、储存、使用、经营危险物品的作业场所予以查封，并依法作出处理决定。监督检查不得影响被检查单位的正常生产经营活动。,"设备,应急,事故,处罚,责令,停产,职责","机械设备,应急救援,事故报告,处罚问责,责任体系",2,是,现行,中华人民共和国安全生产法2021年修订.docx,
CNLAW_029_中华人民共和国安,中华人民共和国安全生产法,2021年修订,第四章 安全生产的监督管理,第六十六条,,第六十六条 生产经营单位对负有安全生产监督管理职责的部门的监督检查人员（以下统称安全生产监督检查人员）依法履行监督检查职责，应当予以配合，不得拒绝、阻挠。,职责,责任体系,2,是,现行,中华人民共和国安全生产法2021年修订.docx,
CNLAW_029_中华人民共和国安,中华人民共和国安全生产法,2021年修订,第四章 安全生产的监督管理,第六十七条,,第六十七条 安全生产监督检查人员应当忠于职守，坚持原则，秉公执法。安全生产监督检查人员执行监督检查任务时，必须出示有效的行政执法证件；对涉及被检查单位的技术秘密和业务秘密，应当为其保密。,"第六十七条,安全生产监督检查,人员应当忠于职守,坚持原则,秉公执法",通用,2,是,现行,中华人民共和国安全生产法2021年修订.docx,
CNLAW_029_中华人民共和国安,中华人民共和国安全生产法,2021年修订,第四章 安全生产的监督管理,第六十八条,,第六十八条 安全生产监督检查人员应当将检查的时间、地点、内容、发现的问题及其处理情况，作出书面记录，并由检查人员和被检查单位的负责人签字；被检查单位的负责人拒绝签字的，检查人员应当将情况记录在案，并向负有安全生产监督管理职责的部门报告。,"报告,负责人,职责","事故报告,责任体系",2,是,现行,中华人民共和国安全生产法2021年修订.docx,
CNLAW_029_中华人民共和国安,中华人民共和国安全生产法,2021年修订,第四章 安全生产的监督管理,第六十九条,,第六十九条 负有安全生产监督管理职责的部门在监督检查中，应当互相配合，实行联合检查；确需分别进行检查的，应当互通情况，发现存在的安全问题应当由其他有关部门进行处理的，应当及时移送其他有关部门并形成记录备查，接受移送的部门应当及时进行处理。,职责,责任体系,2,是,现行,中华人民共和国安全生产法2021年修订.docx,
CNLAW_029_中华人民共和国安,中华人民共和国安全生产法,2021年修订,第四章 安全生产的监督管理,第七十条,,第七十条 负有安全生产监督管理职责的部门依法对存在重大事故隐患的生产经营单位作出停产停业、停止施工、停止使用相关设施或者设备的决定，生产经营单位应当依法执行，及时消除事故隐患。生产经营单位拒不执行，有发生生产安全事故的现实危险的，在保证安全的前提下，经本部门主要负责人批准，负有安全生产监督管理职责的部门可以采取通知有关单位停止供电、停止供应民用爆炸物品等措施，强制生产经营单位履行决定。通知应当采用书面形式，有关单位应当予以配合。负有安全生产监督管理职责的部门依照前款规定采取停止供电措施，除有危及生产安全的紧急情形外，应当提前二十四小时通知生产经营单位。生产经营单位依法履行行政决定、采取相应措施消除事故隐患的，负有安全生产监督管理职责的部门应当及时解除前款规定的措施。,"设备,事故,停产,负责人,职责","机械设备,事故报告,处罚问责,责任体系",2,是,现行,中华人民共和国安全生产法2021年修订.docx,
CNLAW_029_中华人民共和国安,中华人民共和国安全生产法,2021年修订,第四章 安全生产的监督管理,第七十一条,,第七十一条 监察机关依照监察法的规定，对负有安全生产监督管理职责的部门及其工作人员履行安全生产监督管理职责实施监察。,职责,责任体系,2,是,现行,中华人民共和国安全生产法2021年修订.docx,
CNLAW_029_中华人民共和国安,中华人民共和国安全生产法,2021年修订,第四章 安全生产的监督管理,第七十二条,,第七十二条 承担安全评价、认证、检测、检验职责的机构应当具备国家规定的资质条件，并对其作出的安全评价、认证、检测、检验结果的合法性、真实性负责。资质条件由国务院应急管理部门会同国务院有关部门制定。承担安全评价、认证、检测、检验职责的机构应当建立并实施服务公开和报告公开制度，不得租借资质、挂靠、出具虚假报告。,"应急,报告,职责","应急救援,事故报告,责任体系",2,是,现行,中华人民共和国安全生产法2021年修订.docx,
CNLAW_029_中华人民共和国安,中华人民共和国安全生产法,2021年修订,第四章 安全生产的监督管理,第七十三条,,第七十三条 负有安全生产监督管理职责的部门应当建立举报制度，公开举报电话、信箱或者电子邮件地址等网络举报平台，受理有关安全生产的举报；受理的举报事项经调查核实后，应当形成书面材料；需要落实整改措施的，报经有关负责人签字并督促落实。对不属于本部门职责，需要由其他有关部门进行调查处理的，转交其他有关部门处理。涉及人员死亡的举报事项，应当由县级以上人民政府组织核查处理。,"调查,负责人,职责","事故报告,责任体系",2,是,现行,中华人民共和国安全生产法2021年修订.docx,
CNLAW_029_中华人民共和国安,中华人民共和国安全生产法,2021年修订,第四章 安全生产的监督管理,第七十四条,,第七十四条 任何单位或者个人对事故隐患或者安全生产违法行为，均有权向负有安全生产监督管理职责的部门报告或者举报。因安全生产违法行为造成重大事故隐患或者导致重大事故，致使国家利益或者社会公共利益受到侵害的，人民检察院可以根据民事诉讼法、行政诉讼法的相关规定提起公益诉讼。,"事故,报告,职责","事故报告,责任体系",2,是,现行,中华人民共和国安全生产法2021年修订.docx,
CNLAW_029_中华人民共和国安,中华人民共和国安全生产法,2021年修订,第四章 安全生产的监督管理,第七十五条,,第七十五条 居民委员会、村民委员会发现其所在区域内的生产经营单位存在事故隐患或者安全生产违法行为时，应当向当地人民政府或者有关部门报告。,"事故,报告",事故报告,2,是,现行,中华人民共和国安全生产法2021年修订.docx,
CNLAW_029_中华人民共和国安,中华人民共和国安全生产法,2021年修订,第四章 安全生产的监督管理,第七十六条,,第七十六条 县级以上各级人民政府及其有关部门对报告重大事故隐患或者举报安全生产违法行为的有功人员，给予奖励。具体奖励办法由国务院应急管理部门会同国务院财政部门制定。,"应急,事故,报告","应急救援,事故报告",2,是,现行,中华人民共和国安全生产法2021年修订.docx,
CNLAW_029_中华人民共和国安,中华人民共和国安全生产法,2021年修订,第四章 安全生产的监督管理,第七十七条,,第七十七条 新闻、出版、广播、电影、电视等单位有进行安全生产公益宣传教育的义务，有对违反安全生产法律、法规的行为进行舆论监督的权利。,教育,教育培训,2,是,现行,中华人民共和国安全生产法2021年修订.docx,
CNLAW_029_中华人民共和国安,中华人民共和国安全生产法,2021年修订,第四章 安全生产的监督管理,第七十八条,,第七十八条 负有安全生产监督管理职责的部门应当建立安全生产违法行为信息库，如实记录生产经营单位及其有关从业人员的安全生产违法行为信息；对违法行为情节严重的生产经营单位及其有关从业人员，应当及时向社会公告，并通报行业主管部门、投资主管部门、自然资源主管部门、生态环境主管部门、证券监督管理机构以及有关金融机构。有关部门和机构应当对存在失信行为的生产经营单位及其有关从业人员采取加大执法检查频次、暂停项目审批、上调有关保险费率、行业或者职业禁入等联合惩戒措施，并向社会公示。负有安全生产监督管理职责的部门应当加强对生产经营单位行政处罚信息的及时归集、共享、应用和公开，对生产经营单位作出处罚决定后七个工作日内在监督管理部门公示系统予以公开曝光，强化对违法失信生产经营单位及其有关从业人员的社会监督，提高全社会安全生产诚信水平。,"处罚,管理机构,职责","处罚问责,责任体系",2,是,现行,中华人民共和国安全生产法2021年修订.docx,
CNLAW_029_中华人民共和国安,中华人民共和国安全生产法,2021年修订,第五章 生产安全事故的应急救援与调查处理,第七十九条,,第七十九条 国家加强生产安全事故应急能力建设，在重点行业、领域建立应急救援基地和应急救援队伍，并由国家安全生产应急救援机构统一协调指挥；鼓励生产经营单位和其他社会力量建立应急救援队伍，配备相应的应急救援装备和物资，提高应急救援的专业化水平。国务院应急管理部门牵头建立全国统一的生产安全事故应急救援信息系统，国务院交通运输、住房和城乡建设、水利、民航等有关部门和县级以上地方人民政府建立健全相关行业、领域、地区的生产安全事故应急救援信息系统，实现互联互通、信息共享，通过推行网上安全信息采集、安全监管和监测预警，提升监管的精准化、智能化水平。,"指挥,应急,救援,事故","起重吊装,应急救援,事故报告",2,是,现行,中华人民共和国安全生产法2021年修订.docx,
CNLAW_029_中华人民共和国安,中华人民共和国安全生产法,2021年修订,第五章 生产安全事故的应急救援与调查处理,第八十条,,第八十条 县级以上地方各级人民政府应当组织有关部门制定本行政区域内生产安全事故应急救援预案，建立应急救援体系。乡镇人民政府和街道办事处，以及开发区、工业园区、港区、风景区等应当制定相应的生产安全事故应急救援预案，协助人民政府有关部门或者按照授权依法履行生产安全事故应急救援工作职责。,"应急,救援,预案,事故,职责","应急救援,事故报告,责任体系",2,是,现行,中华人民共和国安全生产法2021年修订.docx,
CNLAW_029_中华人民共和国安,中华人民共和国安全生产法,2021年修订,第五章 生产安全事故的应急救援与调查处理,第八十一条,,第八十一条 生产经营单位应当制定本单位生产安全事故应急救援预案，与所在地县级以上地方人民政府组织制定的生产安全事故应急救援预案相衔接，并定期组织演练。,"应急,救援,预案,演练,事故","应急救援,事故报告",2,是,现行,中华人民共和国安全生产法2021年修订.docx,
CNLAW_029_中华人民共和国安,中华人民共和国安全生产法,2021年修订,第五章 生产安全事故的应急救援与调查处理,第八十二条,,第八十二条 危险物品的生产、经营、储存单位以及矿山、金属冶炼、城市轨道交通运营、建筑施工单位应当建立应急救援组织；生产经营规模较小的，可以不建立应急救援组织，但应当指定兼职的应急救援人员。危险物品的生产、经营、储存、运输单位以及矿山、金属冶炼、城市轨道交通运营、建筑施工单位应当配备必要的应急救援器材、设备和物资，并进行经常性维护、保养，保证正常运转。,"设备,应急,救援","机械设备,应急救援",2,是,现行,中华人民共和国安全生产法2021年修订.docx,
CNLAW_029_中华人民共和国安,中华人民共和国安全生产法,2021年修订,第五章 生产安全事故的应急救援与调查处理,第八十三条,,第八十三条 生产经营单位发生生产安全事故后，事故现场有关人员应当立即报告本单位负责人。单位负责人接到事故报告后，应当迅速采取有效措施，组织抢救，防止事故扩大，减少人员伤亡和财产损失，并按照国家有关规定立即如实报告当地负有安全生产监督管理职责的部门，不得隐瞒不报、谎报或者迟报，不得故意破坏事故现场、毁灭有关证据。,"事故,报告,迟报,负责人,职责","事故报告,责任体系",2,是,现行,中华人民共和国安全生产法2021年修订.docx,
CNLAW_029_中华人民共和国安,中华人民共和国安全生产法,2021年修订,第五章 生产安全事故的应急救援与调查处理,第八十四条,,第八十四条 负有安全生产监督管理职责的部门接到事故报告后，应当立即按照国家有关规定上报事故情况。负有安全生产监督管理职责的部门和有关地方人民政府对事故情况不得隐瞒不报、谎报或者迟报。,"事故,报告,迟报,职责","事故报告,责任体系",2,是,现行,中华人民共和国安全生产法2021年修订.docx,
CNLAW_029_中华人民共和国安,中华人民共和国安全生产法,2021年修订,第五章 生产安全事故的应急救援与调查处理,第八十五条,,第八十五条 有关地方人民政府和负有安全生产监督管理职责的部门的负责人接到生产安全事故报告后，应当按照生产安全事故应急救援预案的要求立即赶到事故现场，组织事故抢救。参与事故抢救的部门和单位应当服从统一指挥，加强协同联动，采取有效的应急救援措施，并根据事故救援的需要采取警戒、疏散等措施，防止事故扩大和次生灾害的发生，减少人员伤亡和财产损失。事故抢救过程中应当采取必要措施，避免或者减少对环境造成的危害。任何单位和个人都应当支持、配合事故抢救，并提供一切便利条件。,"指挥,应急,救援,预案,事故,报告,负责人,职责","起重吊装,应急救援,事故报告,责任体系",2,是,现行,中华人民共和国安全生产法2021年修订.docx,
CNLAW_029_中华人民共和国安,中华人民共和国安全生产法,2021年修订,第五章 生产安全事故的应急救援与调查处理,第八十六条,,第八十六条 事故调查处理应当按照科学严谨、依法依规、实事求是、注重实效的原则，及时、准确地查清事故原因，查明事故性质和责任，评估应急处置工作，总结事故教训，提出整改措施，并对事故责任单位和人员提出处理建议。事故调查报告应当依法及时向社会公布。事故调查和处理的具体办法由国务院制定。事故发生单位应当及时全面落实整改措施，负有安全生产监督管理职责的部门应当加强监督检查。负责事故调查处理的国务院有关部门和地方人民政府应当在批复事故调查报告后一年内，组织有关部门对事故整改和防范措施落实情况进行评估，并及时向社会公开评估结果；对不履行职责导致事故整改和防范措施没有落实的有关单位和人员，应当按照有关规定追究责任。,"应急,事故,报告,调查,追究,职责","应急救援,事故报告,处罚问责,责任体系",2,是,现行,中华人民共和国安全生产法2021年修订.docx,
CNLAW_029_中华人民共和国安,中华人民共和国安全生产法,2021年修订,第五章 生产安全事故的应急救援与调查处理,第八十七条,,第八十七条 生产经营单位发生生产安全事故，经调查确定为责任事故的，除了应当查明事故单位的责任并依法予以追究外，还应当查明对安全生产的有关事项负有审查批准和监督职责的行政部门的责任，对有失职、渎职行为的，依照本法第九十条的规定追究法律责任。,"事故,调查,法律责任,追究,职责","事故报告,处罚问责,责任体系",2,是,现行,中华人民共和国安全生产法2021年修订.docx,
CNLAW_029_中华人民共和国安,中华人民共和国安全生产法,2021年修订,第五章 生产安全事故的应急救援与调查处理,第八十八条,,第八十八条 任何单位和个人不得阻挠和干涉对事故的依法调查处理。,"事故,调查",事故报告,2,是,现行,中华人民共和国安全生产法2021年修订.docx,
CNLAW_029_中华人民共和国安,中华人民共和国安全生产法,2021年修订,第五章 生产安全事故的应急救援与调查处理,第八十九条,,第八十九条 县级以上地方各级人民政府应急管理部门应当定期统计分析本行政区域内发生生产安全事故的情况，并定期向社会公布。,"应急,事故","应急救援,事故报告",2,是,现行,中华人民共和国安全生产法2021年修订.docx,
CNLAW_029_中华人民共和国安,中华人民共和国安全生产法,2021年修订,第六章 法律责任,第九十条,,第九十条 负有安全生产监督管理职责的部门的工作人员，有下列行为之一的，给予降级或者撤职的处分；构成犯罪的，依照刑法有关规定追究刑事责任: （一）对不符合法定安全生产条件的涉及安全生产的事项予以批准或者验收通过的； （二）发现未依法取得批准、验收的单位擅自从事有关活动或者接到举报后不予取缔或者不依法予以处理的； （三）对已经依法取得批准的单位不履行监督管理职责，发现其不再具备安全生产条件而不撤销原批准或者发现安全生产违法行为不予查处的； （四）在监督检查中发现重大事故隐患，不依法及时处理的。负有安全生产监督管理职责的部门的工作人员有前款规定以外的滥用职权、玩忽职守、徇私舞弊行为的，依法给予处分；构成犯罪的，依照刑法有关规定追究刑事责任。,"事故,追究,职责","事故报告,处罚问责,责任体系",2,是,现行,中华人民共和国安全生产法2021年修订.docx,
CNLAW_029_中华人民共和国安,中华人民共和国安全生产法,2021年修订,第六章 法律责任,第九十一条,,第九十一条 负有安全生产监督管理职责的部门，要求被审查、验收的单位购买其指定的安全设备、器材或者其他产品的，在对安全生产事项的审查、验收中收取费用的，由其上级机关或者监察机关责令改正，责令退还收取的费用；情节严重的，对直接负责的主管人员和其他直接责任人员依法给予处分。,"设备,责令,职责","机械设备,处罚问责,责任体系",2,是,现行,中华人民共和国安全生产法2021年修订.docx,
CNLAW_029_中华人民共和国安,中华人民共和国安全生产法,2021年修订,第六章 法律责任,第九十二条,,第九十二条 承担安全评价、认证、检测、检验职责的机构出具失实报告的，责令停业整顿，并处三万元以上十万元以下的罚款；给他人造成损害的，依法承担赔偿责任。承担安全评价、认证、检测、检验职责的机构租借资质、挂靠、出具虚假报告的，没收违法所得；违法所得在十万元以上的，并处违法所得二倍以上五倍以下的罚款，没有违法所得或者违法所得不足十万元的，单处或者并处十万元以上二十万元以下的罚款；对其直接负责的主管人员和其他直接责任人员处五万元以上十万元以下的罚款；给他人造成损害的，与生产经营单位承担连带赔偿责任；构成犯罪的，依照刑法有关规定追究刑事责任。对有前款违法行为的机构及其直接责任人员，吊销其相应资质和资格，五年内不得从事安全评价、认证、检测、检验等工作；情节严重的，实行终身行业和职业禁入。,"报告,罚款,责令,追究,职责","事故报告,处罚问责,责任体系",2,是,现行,中华人民共和国安全生产法2021年修订.docx,
CNLAW_029_中华人民共和国安,中华人民共和国安全生产法,2021年修订,第六章 法律责任,第九十三条,,第九十三条 生产经营单位的决策机构、主要负责人或者个人经营的投资人不依照本法规定保证安全生产所必需的资金投入，致使生产经营单位不具备安全生产条件的，责令限期改正，提供必需的资金；逾期未改正的，责令生产经营单位停产停业整顿。有前款违法行为，导致发生生产安全事故的，对生产经营单位的主要负责人给予撤职处分，对个人经营的投资人处二万元以上二十万元以下的罚款；构成犯罪的，依照刑法有关规定追究刑事责任。,"事故,罚款,责令,停产,追究,负责人","事故报告,处罚问责,责任体系",2,是,现行,中华人民共和国安全生产法2021年修订.docx,
CNLAW_029_中华人民共和国安,中华人民共和国安全生产法,2021年修订,第六章 法律责任,第九十四条,,第九十四条 生产经营单位的主要负责人未履行本法规定的安全生产管理职责的，责令限期改正，处二万元以上五万元以下的罚款；逾期未改正的，处五万元以上十万元以下的罚款，责令生产经营单位停产停业整顿。生产经营单位的主要负责人有前款违法行为，导致发生生产安全事故的，给予撤职处分；构成犯罪的，依照刑法有关规定追究刑事责任。生产经营单位的主要负责人依照前款规定受刑事处罚或者撤职处分的，自刑罚执行完毕或者受处分之日起，五年内不得担任任何生产经营单位的主要负责人；对重大、特别重大生产安全事故负有责任的，终身不得担任本行业生产经营单位的主要负责人。,"事故,罚款,处罚,责令,停产,追究,负责人,职责","事故报告,处罚问责,责任体系",2,是,现行,中华人民共和国安全生产法2021年修订.docx,
CNLAW_029_中华人民共和国安,中华人民共和国安全生产法,2021年修订,第六章 法律责任,第九十五条,,第九十五条 生产经营单位的主要负责人未履行本法规定的安全生产管理职责，导致发生生产安全事故的，由应急管理部门依照下列规定处以罚款: （一）发生一般事故的，处上一年年收入百分之四十的罚款； （二）发生较大事故的，处上一年年收入百分之六十的罚款； （三）发生重大事故的，处上一年年收入百分之八十的罚款； （四）发生特别重大事故的，处上一年年收入百分之一百的罚款。,"应急,事故,罚款,负责人,职责","应急救援,事故报告,处罚问责,责任体系",2,是,现行,中华人民共和国安全生产法2021年修订.docx,
CNLAW_029_中华人民共和国安,中华人民共和国安全生产法,2021年修订,第六章 法律责任,第九十六条,,第九十六条 生产经营单位的其他负责人和安全生产管理人员未履行本法规定的安全生产管理职责的，责令限期改正，处一万元以上三万元以下的罚款；导致发生生产安全事故的，暂停或者吊销其与安全生产有关的资格，并处上一年年收入百分之二十以上百分之五十以下的罚款；构成犯罪的，依照刑法有关规定追究刑事责任。,"事故,罚款,责令,追究,负责人,职责","事故报告,处罚问责,责任体系",2,是,现行,中华人民共和国安全生产法2021年修订.docx,
CNLAW_029_中华人民共和国安,中华人民共和国安全生产法,2021年修订,第六章 法律责任,第九十七条,,第九十七条 生产经营单位有下列行为之一的，责令限期改正，处十万元以下的罚款；逾期未改正的，责令停产停业整顿，并处十万元以上二十万元以下的罚款，对其直接负责的主管人员和其他直接责任人员处二万元以上五万元以下的罚款: （一）未按照规定设置安全生产管理机构或者配备安全生产管理人员、注册安全工程师的； （二）危险物品的生产、经营、储存、装卸单位以及矿山、金属冶炼、建筑施工、运输单位的主要负责人和安全生产管理人员未按照规定经考核合格的； （三）未按照规定对从业人员、被派遣劳动者、实习学生进行安全生产教育和培训，或者未按照规定如实告知有关的安全生产事项的； （四）未如实记录安全生产教育和培训情况的； （五）未将事故隐患排查治理情况如实记录或者未向从业人员通报的； （六）未按照规定制定生产安全事故应急救援预案或者未定期组织演练的； （七）特种作业人员未按照规定经专门的安全作业培训并取得相应资格，上岗作业的。,"培训,教育,特种作业,应急,救援,预案,演练,事故","教育培训,应急救援,事故报告,处罚问责,责任体系",2,是,现行,中华人民共和国安全生产法2021年修订.docx,
CNLAW_029_中华人民共和国安,中华人民共和国安全生产法,2021年修订,第六章 法律责任,第九十八条,,第九十八条 生产经营单位有下列行为之一的，责令停止建设或者停产停业整顿，限期改正，并处十万元以上五十万元以下的罚款，对其直接负责的主管人员和其他直接责任人员处二万元以上五万元以下的罚款；逾期未改正的，处五十万元以上一百万元以下的罚款，对其直接负责的主管人员和其他直接责任人员处五万元以上十万元以下的罚款；构成犯罪的，依照刑法有关规定追究刑事责任: （一）未按照规定对矿山、金属冶炼建设项目或者用于生产、储存、装卸危险物品的建设项目进行安全评价的； （二）矿山、金属冶炼建设项目或者用于生产、储存、装卸危险物品的建设项目没有安全设施设计或者安全设施设计未按照规定报经有关部门审查同意的； （三）矿山、金属冶炼建设项目或者用于生产、储存、装卸危险物品的建设项目的施工单位未按照批准的安全设施设计施工的； （四）矿山、金属冶炼建设项目或者用于生产、储存、装卸危险物品的建设项目竣工投入生产或者使用前，安全设施未经验收合格的。,"罚款,责令,停产,追究",处罚问责,2,是,现行,中华人民共和国安全生产法2021年修订.docx,
CNLAW_029_中华人民共和国安,中华人民共和国安全生产法,2021年修订,第六章 法律责任,第九十九条,,第九十九条 生产经营单位有下列行为之一的，责令限期改正，处五万元以下的罚款；逾期未改正的，处五万元以上二十万元以下的罚款，对其直接负责的主管人员和其他直接责任人员处一万元以上二万元以下的罚款；情节严重的，责令停产停业整顿；构成犯罪的，依照刑法有关规定追究刑事责任: （一）未在有较大危险因素的生产经营场所和有关设施、设备上设置明显的安全警示标志的； （二）安全设备的安装、使用、检测、改造和报废不符合国家标准或者行业标准的； （三）未对安全设备进行经常性维护、保养和定期检测的； （四）关闭、破坏直接关系生产安全的监控、报警、防护、救生设备、设施，或者篡改、隐瞒、销毁其相关数据、信息的； （五）未为从业人员提供符合国家标准或者行业标准的劳动防护用品的； （六）危险物品的容器、运输工具，以及涉及人身安全、危险性较大的海洋石油开采特种设备和矿山井下特种设备未经具有专业资质的机构检测、检验合格，取得安全使用证或者安全标志，投入使用的； （七）使用应当淘汰的危及生产安全的工艺、设备的； （八）餐饮等行业的生产经营单位使用燃气未安装可燃气体报警装置的。,"设备,罚款,责令,停产,追究","机械设备,处罚问责",2,是,现行,中华人民共和国安全生产法2021年修订.docx,
CNLAW_029_中华人民共和国安,中华人民共和国安全生产法,2021年修订,第六章 法律责任,第一百条,,第一百条 未经依法批准，擅自生产、经营、运输、储存、使用危险物品或者处置废弃危险物品的，依照有关危险物品安全管理的法律、行政法规的规定予以处罚；构成犯罪的，依照刑法有关规定追究刑事责任。,"处罚,追究",处罚问责,2,是,现行,中华人民共和国安全生产法2021年修订.docx,
CNLAW_029_中华人民共和国安,中华人民共和国安全生产法,2021年修订,第六章 法律责任,第一百零一条,,第一百零一条 生产经营单位有下列行为之一的，责令限期改正，处十万元以下的罚款；逾期未改正的，责令停产停业整顿，并处十万元以上二十万元以下的罚款，对其直接负责的主管人员和其他直接责任人员处二万元以上五万元以下的罚款；构成犯罪的，依照刑法有关规定追究刑事责任: （一）生产、经营、运输、储存、使用危险物品或者处置废弃危险物品，未建立专门安全管理制度、未采取可靠的安全措施的； （二）对重大危险源未登记建档，未进行定期检测、评估、监控，未制定应急预案，或者未告知应急措施的； （三）进行爆破、吊装、动火、临时用电以及国务院应急管理部门会同国务院有关部门规定的其他危险作业，未安排专门人员进行现场安全管理的； （四）未建立安全风险分级管控制度或者未按照安全风险分级采取相应管控措施的； （五）未建立事故隐患排查治理制度，或者重大事故隐患排查治理情况未按照规定报告的。,"临时用电,吊装,动火,应急,预案,事故,报告,罚款","临时用电,起重吊装,消防动火,应急救援,事故报告,处罚问责",2,是,现行,中华人民共和国安全生产法2021年修订.docx,
CNLAW_029_中华人民共和国安,中华人民共和国安全生产法,2021年修订,第六章 法律责任,第一百零二条,,第一百零二条 生产经营单位未采取措施消除事故隐患的，责令立即消除或者限期消除，处五万元以下的罚款；生产经营单位拒不执行的，责令停产停业整顿，对其直接负责的主管人员和其他直接责任人员处五万元以上十万元以下的罚款；构成犯罪的，依照刑法有关规定追究刑事责任。,"事故,罚款,责令,停产,追究","事故报告,处罚问责",2,是,现行,中华人民共和国安全生产法2021年修订.docx,
CNLAW_029_中华人民共和国安,中华人民共和国安全生产法,2021年修订,第六章 法律责任,第一百零三条,,第一百零三条 生产经营单位将生产经营项目、场所、设备发包或者出租给不具备安全生产条件或者相应资质的单位或者个人的，责令限期改正，没收违法所得；违法所得十万元以上的，并处违法所得二倍以上五倍以下的罚款；没有违法所得或者违法所得不足十万元的，单处或者并处十万元以上二十万元以下的罚款；对其直接负责的主管人员和其他直接责任人员处一万元以上二万元以下的罚款；导致发生生产安全事故给他人造成损害的，与承包方、承租方承担连带赔偿责任。生产经营单位未与承包单位、承租单位签订专门的安全生产管理协议或者未在承包合同、租赁合同中明确各自的安全生产管理职责，或者未对承包单位、承租单位的安全生产统一协调、管理的，责令限期改正，处五万元以下的罚款，对其直接负责的主管人员和其他直接责任人员处一万元以下的罚款；逾期未改正的，责令停产停业整顿。矿山、金属冶炼建设项目和用于生产、储存、装卸危险物品的建设项目的施工单位未按照规定对施工项目进行安全管理的，责令限期改正，处十万元以下的罚款，对其直接负责的主管人员和其他直接责任人员处二万元以下的罚款；逾期未改正的，责令停产停业整顿。以上施工单位倒卖、出租、出借、挂靠或者以其他形式非法转让施工资质的，责令停产停业整顿，吊销资质证书，没收违法所得；违法所得十万元以上的，并处违法所得二倍以上五倍以下的罚款，没有违法所得或者违法所得不足十万元的，单处或者并处十万元以上二十万元以下的罚款；对其直接负责的主管人员和其他直接责任人员处五万元以上十万元以下的罚款；构成犯罪的，依照刑法有关规定追究刑事责任。,"设备,事故,罚款,责令,停产,追究,职责","机械设备,事故报告,处罚问责,责任体系",2,是,现行,中华人民共和国安全生产法2021年修订.docx,
CNLAW_029_中华人民共和国安,中华人民共和国安全生产法,2021年修订,第六章 法律责任,第一百零四条,,第一百零四条 两个以上生产经营单位在同一作业区域内进行可能危及对方安全生产的生产经营活动，未签订安全生产管理协议或者未指定专职安全生产管理人员进行安全检查与协调的，责令限期改正，处五万元以下的罚款，对其直接负责的主管人员和其他直接责任人员处一万元以下的罚款；逾期未改正的，责令停产停业。,"罚款,责令,停产",处罚问责,2,是,现行,中华人民共和国安全生产法2021年修订.docx,
CNLAW_029_中华人民共和国安,中华人民共和国安全生产法,2021年修订,第六章 法律责任,第一百零五条,,第一百零五条 生产经营单位有下列行为之一的，责令限期改正，处五万元以下的罚款，对其直接负责的主管人员和其他直接责任人员处一万元以下的罚款；逾期未改正的，责令停产停业整顿；构成犯罪的，依照刑法有关规定追究刑事责任: （一）生产、经营、储存、使用危险物品的车间、商店、仓库与员工宿舍在同一座建筑内，或者与员工宿舍的距离不符合安全要求的； （二）生产经营场所和员工宿舍未设有符合紧急疏散需要、标志明显、保持畅通的出口、疏散通道，或者占用、锁闭、封堵生产经营场所或者员工宿舍出口、疏散通道的。,"罚款,责令,停产,追究",处罚问责,2,是,现行,中华人民共和国安全生产法2021年修订.docx,
CNLAW_029_中华人民共和国安,中华人民共和国安全生产法,2021年修订,第六章 法律责任,第一百零六条,,第一百零六条 生产经营单位与从业人员订立协议，免除或者减轻其对从业人员因生产安全事故伤亡依法应承担的责任的，该协议无效；对生产经营单位的主要负责人、个人经营的投资人处二万元以上十万元以下的罚款。,"事故,罚款,负责人","事故报告,处罚问责,责任体系",2,是,现行,中华人民共和国安全生产法2021年修订.docx,
CNLAW_029_中华人民共和国安,中华人民共和国安全生产法,2021年修订,第六章 法律责任,第一百零七条,,第一百零七条 生产经营单位的从业人员不落实岗位安全责任，不服从管理，违反安全生产规章制度或者操作规程的，由生产经营单位给予批评教育，依照有关规章制度给予处分；构成犯罪的，依照刑法有关规定追究刑事责任。,"教育,追究","教育培训,处罚问责",2,是,现行,中华人民共和国安全生产法2021年修订.docx,
CNLAW_029_中华人民共和国安,中华人民共和国安全生产法,2021年修订,第六章 法律责任,第一百零八条,,第一百零八条 违反本法规定，生产经营单位拒绝、阻碍负有安全生产监督管理职责的部门依法实施监督检查的，责令改正；拒不改正的，处二万元以上二十万元以下的罚款；对其直接负责的主管人员和其他直接责任人员处一万元以上二万元以下的罚款；构成犯罪的，依照刑法有关规定追究刑事责任。,"罚款,责令,追究,职责","处罚问责,责任体系",2,是,现行,中华人民共和国安全生产法2021年修订.docx,
CNLAW_029_中华人民共和国安,中华人民共和国安全生产法,2021年修订,第六章 法律责任,第一百零九条,,第一百零九条 高危行业、领域的生产经营单位未按照国家规定投保安全生产责任保险的，责令限期改正，处五万元以上十万元以下的罚款；逾期未改正的，处十万元以上二十万元以下的罚款。,"罚款,责令,安全生产责任","处罚问责,责任体系",2,是,现行,中华人民共和国安全生产法2021年修订.docx,
CNLAW_029_中华人民共和国安,中华人民共和国安全生产法,2021年修订,第六章 法律责任,第一百一十条,,第一百一十条 生产经营单位的主要负责人在本单位发生生产安全事故时，不立即组织抢救或者在事故调查处理期间擅离职守或者逃匿的，给予降级、撤职的处分，并由应急管理部门处上一年年收入百分之六十至百分之一百的罚款；对逃匿的处十五日以下拘留；构成犯罪的，依照刑法有关规定追究刑事责任。生产经营单位的主要负责人对生产安全事故隐瞒不报、谎报或者迟报的，依照前款规定处罚。,"应急,事故,调查,迟报,罚款,处罚,追究,负责人","应急救援,事故报告,处罚问责,责任体系",2,是,现行,中华人民共和国安全生产法2021年修订.docx,
CNLAW_029_中华人民共和国安,中华人民共和国安全生产法,2021年修订,第六章 法律责任,第一百一十一条,,第一百一十一条 有关地方人民政府、负有安全生产监督管理职责的部门，对生产安全事故隐瞒不报、谎报或者迟报的，对直接负责的主管人员和其他直接责任人员依法给予处分；构成犯罪的，依照刑法有关规定追究刑事责任。,"事故,迟报,追究,职责","事故报告,处罚问责,责任体系",2,是,现行,中华人民共和国安全生产法2021年修订.docx,
CNLAW_029_中华人民共和国安,中华人民共和国安全生产法,2021年修订,第六章 法律责任,第一百一十二条,,第一百一十二条 生产经营单位违反本法规定，被责令改正且受到罚款处罚，拒不改正的，负有安全生产监督管理职责的部门可以自作出责令改正之日的次日起，按照原处罚数额按日连续处罚。,"罚款,处罚,责令,职责","处罚问责,责任体系",2,是,现行,中华人民共和国安全生产法2021年修订.docx,
CNLAW_029_中华人民共和国安,中华人民共和国安全生产法,2021年修订,第六章 法律责任,第一百一十三条,,第一百一十三条 生产经营单位存在下列情形之一的，负有安全生产监督管理职责的部门应当提请地方人民政府予以关闭，有关部门应当依法吊销其有关证照。生产经营单位主要负责人五年内不得担任任何生产经营单位的主要负责人；情节严重的，终身不得担任本行业生产经营单位的主要负责人： （一）存在重大事故隐患，一百八十日内三次或者一年内四次受到本法规定的行政处罚的； （二）经停产停业整顿，仍不具备法律、行政法规和国家标准或者行业标准规定的安全生产条件的； （三）不具备法律、行政法规和国家标准或者行业标准规定的安全生产条件，导致发生重大、特别重大生产安全事故的； （四）拒不执行负有安全生产监督管理职责的部门作出的停产停业整顿决定的。,"事故,处罚,停产,负责人,职责","事故报告,处罚问责,责任体系",2,是,现行,中华人民共和国安全生产法2021年修订.docx,
CNLAW_029_中华人民共和国安,中华人民共和国安全生产法,2021年修订,第六章 法律责任,第一百一十四条,,第一百一十四条 发生生产安全事故，对负有责任的生产经营单位除要求其依法承担相应的赔偿等责任外，由应急管理部门依照下列规定处以罚款: （一）发生一般事故的，处三十万元以上一百万元以下的罚款； （二）发生较大事故的，处一百万元以上二百万元以下的罚款； （三）发生重大事故的，处二百万元以上一千万元以下的罚款； （四）发生特别重大事故的，处一千万元以上二千万元以下的罚款。发生生产安全事故，情节特别严重、影响特别恶劣的，应急管理部门可以按照前款罚款数额的二倍以上五倍以下对负有责任的生产经营单位处以罚款。,"应急,事故,罚款","应急救援,事故报告,处罚问责",2,是,现行,中华人民共和国安全生产法2021年修订.docx,
CNLAW_029_中华人民共和国安,中华人民共和国安全生产法,2021年修订,第六章 法律责任,第一百一十五条,,第一百一十五条 本法规定的行政处罚，由应急管理部门和其他负有安全生产监督管理职责的部门按照职责分工决定；其中，根据本法第九十五条、第一百一十条、第一百一十四条的规定应当给予民航、铁路、电力行业的生产经营单位及其主要负责人行政处罚的，也可以由主管的负有安全生产监督管理职责的部门进行处罚。予以关闭的行政处罚，由负有安全生产监督管理职责的部门报请县级以上人民政府按照国务院规定的权限决定；给予拘留的行政处罚，由公安机关依照治安管理处罚的规定决定。,"应急,处罚,负责人,职责","应急救援,处罚问责,责任体系",2,是,现行,中华人民共和国安全生产法2021年修订.docx,
CNLAW_029_中华人民共和国安,中华人民共和国安全生产法,2021年修订,第六章 法律责任,第一百一十六条,,第一百一十六条 生产经营单位发生生产安全事故造成人员伤亡、他人财产损失的，应当依法承担赔偿责任；拒不承担或者其负责人逃匿的，由人民法院依法强制执行。生产安全事故的责任人未依法承担赔偿责任，经人民法院依法采取执行措施后，仍不能对受害人给予足额赔偿的，应当继续履行赔偿义务；受害人发现责任人有其他财产的，可以随时请求人民法院执行。,"事故,负责人","事故报告,责任体系",2,是,现行,中华人民共和国安全生产法2021年修订.docx,
CNLAW_029_中华人民共和国安,中华人民共和国安全生产法,2021年修订,第七章 附 则,第一百一十七条,,第一百一十七条 本法下列用语的含义:危险物品，是指易燃易爆物品、危险化学品、放射性物品等能够危及人身安全和财产安全的物品。重大危险源，是指长期地或者临时地生产、搬运、使用或者储存危险物品，且危险物品的数量等于或者超过临界量的单元（包括场所和设施）。,易燃,消防动火,2,是,现行,中华人民共和国安全生产法2021年修订.docx,
CNLAW_029_中华人民共和国安,中华人民共和国安全生产法,2021年修订,第七章 附 则,第一百一十八条,,第一百一十八条 本法规定的生产安全一般事故、较大事故、重大事故、特别重大事故的划分标准由国务院规定。国务院应急管理部门和其他负有安全生产监督管理职责的部门应当根据各自的职责分工，制定相关行业、领域重大危险源的辨识标准和重大事故隐患的判定标准。,"应急,事故,职责","应急救援,事故报告,责任体系",2,是,现行,中华人民共和国安全生产法2021年修订.docx,
CNLAW_029_中华人民共和国安,中华人民共和国安全生产法,2021年修订,第七章 附 则,第一百一十九条,,第一百一十九条 本法自2002年11月1日起施行。,"第一百一十九条,本法自,日起施行",通用,2,是,现行,中华人民共和国安全生产法2021年修订.docx,
